symbol,direction,pnl,winner,score,result,sig_adx,sig_dist_ema_atr,sig_rsi,sig_bb_percent,sig_macd_hist_slope,sig_vol_ratio,sig_atr_rank,sig_donchian_pos
BTC/USDT,LONG,199.0931622671684,1,5.0,TP,22.349886658726554,1.3981299866665315,51.94117519089789,0.838790567019761,0.21033852215730106,0.8514664211123266,0.92,0.8600887226899088
BTC/USDT,LONG,-101.94256452535357,0,7.0,SL,55.39847283445742,2.402023294058917,63.59498210148172,0.6218449810478747,-0.19274663981375292,0.5148762778737013,0.71,0.6662149141846754
BTC/USDT,SHORT,-100.87430909320356,0,7.0,SL,31.534035143447408,-2.2099591755279717,38.16837052947271,0.019460784424775154,-0.14375695832566632,0.9913553147034071,0.59,0.11166877168211913
BTC/USDT,LONG,198.4692828020836,1,5.937960674720521,TP,36.90107406705374,0.8939136653427396,68.51294341341654,1.030685858301172,0.010365155182884294,1.8797956903430713,0.76,0.9726861321708071
BTC/USDT,LONG,200.59906276477759,1,7.0,TP,42.507594950631365,1.243587215414555,60.70884354567483,0.725469768237822,-0.15380629289657724,1.0568458227968383,0.31,0.7714940809478307
BTC/USDT,LONG,-103.5764489712192,0,8.0,SL,43.268234439147214,2.029764933707572,59.91048834837783,0.9464690811561461,0.03443516167207267,3.180815334797294,0.41,0.6674253130946076
BTC/USDT,LONG,202.7422515893791,1,7.0,TP,41.932200299348985,1.3753551553359193,58.6569454630618,0.8199603985310066,0.014565126976677365,2.0993686168141186,0.45,0.6038642022894029
BTC/USDT,SHORT,-104.31409096052802,0,8.0,SL,32.36260786920147,-2.6574802456069775,13.082649258708884,-0.014998639276146006,-0.048366624992184894,2.5794772333832996,0.62,0.07830679861569717
BTC/USDT,SHORT,-103.19077671083856,0,7.0,SL,44.61102347822111,-2.3153772157060613,39.53916255803595,0.030920951446260787,-0.357986791277885,1.4116218549388186,0.88,0.04862821441506225
BTC/USDT,LONG,202.41615627411377,1,8.0,TP,52.068151704293484,2.2191412731304614,67.1821800458595,1.0468839718065985,0.1645262833739033,0.5853717836584349,0.1,0.8175790040888731
BTC/USDT,LONG,206.81078510005517,1,7.0,TP,70.60265706124623,2.034413068059176,60.621483621031885,0.6467567921643452,-0.19441807764112573,0.416332635160064,0.8,0.6775240985816421
BTC/USDT,LONG,-106.0252068481323,0,7.0,SL,53.4140550524158,2.260737845973089,67.18323542955972,0.7801559271119173,-0.06702196850743247,1.6532803529830706,0.99,0.6771497850108438
BTC/USDT,LONG,5.286436238092099,1,8.0,BREAK_EVEN,30.254385115588462,1.6686570701683525,53.141712525190066,0.7197086885433321,0.16149307337954752,2.118400124480915,0.98,0.7507057706769275
BTC/USDT,SHORT,-104.90422242984067,0,7.0,SL,29.765627039654202,-2.619311378513241,30.453653624239692,-0.15172788543073307,-0.23271230777515312,2.591592016954077,0.45,0.09513639984070107
BTC/USDT,LONG,17.919710859147386,1,7.0,BREAK_EVEN,39.01925314832924,1.7534003144766002,66.29666301874383,0.7832556564342231,-0.1418001015558836,0.6288272983877233,0.09,0.685058201058206
BTC/USDT,LONG,-103.79326157819622,0,7.988595555844769,SL,38.74279434189928,3.0184108529554856,68.4705817922931,1.2058334600919867,-0.04123594922130254,3.763608408117715,0.79,0.9326336150175188
BTC/USDT,LONG,-102.65165178135312,0,7.0,SL,40.56484606147591,1.229473343829247,57.27920137653383,0.6929588898969794,0.17719328658751984,2.2039423915743517,0.99,0.5416380623309309
BTC/USDT,SHORT,-101.54944940560992,0,7.0,SL,58.13343611489852,-1.8061160824528315,20.569037579863974,0.07974932102807653,0.05112762133058017,1.725530166718689,0.51,0.0401335486354921
BTC/USDT,SHORT,-100.43014519470618,0,7.0,SL,38.771691010622746,-2.1784719672855313,32.01893156234988,0.25728328235605674,0.23743162431238782,0.6953639434258183,0.82,0.3454332507130407
BTC/USDT,LONG,-99.35227293685814,0,7.0,SL,27.171972891774505,2.3646021834325643,75.81078199511502,0.9322048984843133,0.13679834278001599,1.1229777329781208,0.91,0.8508891184947527
BTC/USDT,SHORT,195.44348176882178,1,7.0,TP,44.89721330475459,-2.603267750588652,25.588160108190166,-0.051954572879685273,-0.2727215707352772,2.6131618468830022,0.87,0.16059260130795724
BTC/USDT,SHORT,-100.19067082850441,0,8.0,SL,56.82663399325823,-2.366974655756556,41.33079911302282,0.31113194974277475,0.18011810934663647,1.684765549152303,0.7,0.18631146722186062
BTC/USDT,LONG,-99.12018307317041,0,6.0,SL,28.32061797998906,0.7279727064928047,64.07603294050867,0.7430550819058006,-0.12002021790199949,1.678492696136192,0.55,0.7024769887001492
BTC/USDT,LONG,-98.04077086297491,0,7.0,SL,31.92846623055195,1.7436562612674176,66.83260808576419,0.6756026658427883,-0.13703541966207408,0.7877966912821961,0.18,0.791459638058503
BTC/USDT,SHORT,192.89345432707447,1,8.0,TP,32.60639544233887,-1.9317167197642588,35.16489255788284,-0.09035510156479157,-0.1823237638845948,1.1143195541326205,0.99,0.026622332333637623
BTC/USDT,SHORT,-98.84567752104562,0,7.0,SL,62.02928360134313,-3.7980934063485234,33.48493695133344,0.31003435805842955,0.21770424045267675,0.41968755369623784,0.71,0.289103671063209
BTC/USDT,SHORT,193.18685503613776,1,8.0,TP,48.48809915910673,-0.6577506492441909,44.750639706989325,0.2933614698710079,0.1266865488636883,1.2750671259698445,0.39,0.33408008961075186
BTC/USDT,SHORT,197.75266734531806,1,8.0,TP,37.520843130887634,-2.3510318827061276,35.477743530929644,-0.19498493488908192,-0.1785508457704059,2.116198655711484,0.61,0.07630522088353414
BTC/USDT,SHORT,201.98202217074683,1,7.0,TP,76.17789714952325,-3.3873366040285715,38.61014301165732,0.23852683934863644,-0.013455167383102254,0.4224964825663109,0.82,0.28234225903291604
BTC/USDT,SHORT,-103.46469505172621,0,8.0,SL,83.99346929163912,-5.001895596062051,20.314651604226043,0.08871394646541386,0.015303927806157368,1.8661091839379378,0.99,0.089252074527041
BTC/USDT,SHORT,204.1138974782374,1,7.0,TP,74.36379401635686,-3.480934471694878,45.863010115270626,0.3895982063904431,0.20248508163676943,1.0254126773038899,0.94,0.367796405969107
BTC/USDT,SHORT,208.25831695081038,1,7.0,TP,66.04251187505905,-3.002781920537411,35.18603973664284,0.29423838324038065,0.031868554019209565,1.352559544555109,0.99,0.48906391296427254
BTC/USDT,SHORT,-106.4524968551641,0,8.0,SL,27.346287393185566,-3.2656798999053196,33.965417585600306,-0.013765838833602299,-0.12944545645882466,2.8517335754837583,0.92,0.13946345744014044
BTC/USDT,LONG,-105.36138069733832,0,6.0,SL,26.869838159415917,1.13254267028556,59.70040393769534,0.7025805192238526,-0.1268566859406698,0.6297293070408873,0.38,0.591353403175685
BTC/USDT,SHORT,-104.26846753187199,0,7.0,SL,33.92833851930887,-2.71207814354331,31.21240362619669,-0.20775856420145802,-0.165057099266419,3.1703874131937524,0.25,0.14577727772370022
BTC/USDT,LONG,205.17445725336273,1,7.0,TP,46.04511070730207,2.3564025034282254,63.123972259955636,0.8578535467734955,0.07243335822874152,1.0328954668767134,0.25,0.8753318077803214
BTC/USDT,LONG,208.7651826657906,1,8.0,TP,37.057207865892394,3.6867816493600154,66.77499092496234,1.110538165689696,0.5150294683476483,2.9429992854752953,0.51,0.8796177478524729
BTC/USDT,LONG,-107.16056078954652,0,8.0,SL,62.23954123299582,4.273122333962076,63.62589659410938,0.8058127137048594,0.10712492793234803,2.288726452616242,0.54,0.846449506022218
BTC/USDT,SHORT,-106.01405855247953,0,6.0,SL,33.92313450445998,-0.9161492598196044,39.908287197319886,0.3435047632281933,0.1441627980777091,1.7013064807065403,0.49,0.4234746301278733
BTC/USDT,SHORT,5.627390670072332,1,8.0,BREAK_EVEN,28.138044989081692,-1.9866199325690972,32.949456742767865,-0.06445341740610673,-0.10069966526453765,2.5122600631233163,0.99,0.12400003268534662
BTC/USDT,LONG,-104.87912034743833,0,6.0,SL,35.68881372738684,2.3447824723599724,53.77803875513805,0.7129278088954265,-0.08692367198792064,0.42926959861485614,0.0,0.7638891857044167
BTC/USDT,LONG,7.142331080815918,1,7.0,BREAK_EVEN,26.198780579799035,0.6408926853095963,50.365372421307924,0.6465207481396662,0.020803346031175004,2.2810809738565294,0.78,0.6293707193985272
BTC/USDT,SHORT,206.01675771427324,1,8.0,TP,33.8206343280074,-3.10281668717479,14.685292533814774,-0.07640186530873928,-0.22806662971772165,2.336331932491132,0.71,0.12020904211949866
BTC/USDT,SHORT,4.878191334140252,1,7.0,TP,40.11380136827406,-2.153492945809227,35.200619237247736,0.34483385112439374,0.22694385749662616,1.2945954177629317,0.99,0.4480509433414893
BTC/USDT,SHORT,-105.70447727413767,0,7.0,SL,44.534801355400205,-2.8460954157969023,38.247665250900525,0.0984858488518796,-0.09298626007862758,1.30167157084911,0.99,0.3112837534016561
BTC/USDT,SHORT,207.55457343230887,1,5.0,TP,26.408196957705233,-0.5115781579730871,46.22049053719648,0.27783401442740835,-0.01891186562512832,0.6835506188042656,0.18,0.3379895212751259
BTC/USDT,SHORT,-106.5999909754348,0,7.0,SL,28.08400106955053,-1.2584832344924617,36.173871429556414,0.2790039681762845,0.005717222744536811,1.3569960971700967,0.45,0.40975969658721667
BTC/USDT,SHORT,-105.46347709733865,0,8.0,SL,40.80634884625413,-0.9467808107043721,45.98242642388306,0.251697867122109,-0.12460684858847439,2.375212302227472,0.6,0.3029204066873681
BTC/USDT,SHORT,-104.36334294920505,0,8.0,SL,47.403731195548644,-4.451681401945625,12.787820903766047,-0.14043152936651315,-0.13673155101412532,3.1588005054338657,0.43,0.0037231453342270564
BTC/USDT,SHORT,-103.23104599040323,0,7.0,SL,69.33646124811789,-2.278669996671573,34.78104244061697,0.2684622230875529,0.15707793396653777,0.6891419398165045,0.54,0.2203027228529595
BTC/USDT,LONG,203.4138286074623,1,6.0,TP,38.769686444443906,0.9343078998611287,62.6854726688556,0.6742402190961806,-0.07003177641583504,0.5728385297024712,0.96,0.5644946808510638
BTC/USDT,LONG,207.30441940789623,1,7.0,TP,39.89531835337912,2.9581788178372683,59.80505417485912,0.7842017594302402,-0.11367836406234672,0.6923005203341404,0.47,0.7960911179173045
BTC/USDT,LONG,-106.14721478479693,0,7.0,SL,29.00624895569835,1.4251878672930027,60.50179277543754,0.646599352672289,-0.19588977018717474,0.645017065655347,0.71,0.5321266504950682
BTC/USDT,SHORT,-105.00850748642867,0,6.0,SL,28.79641290901918,-1.322677696424974,26.88016745159598,0.1054637347206325,-0.03330564140643223,0.6060177264410866,0.72,0.10232013177035104
BTC/USDT,SHORT,206.36652773560508,1,6.0,TP,25.891368201187472,-1.4767491297169093,32.946851849167146,0.3084791853172909,0.19899515929411662,3.130330822753711,0.69,0.3670072340248617
BTC/USDT,SHORT,-105.88617621308757,0,7.0,SL,39.74530733746483,-3.5818635013405498,39.026377088691085,0.10655141236167451,-0.1056316999974095,0.6619240821442257,0.81,0.0750106729537732
BTC/USDT,LONG,-104.75775104300686,0,8.0,SL,38.02837328902467,3.9682580964116743,86.96310013855484,1.1284595955444177,0.2645374466060824,3.7746938325711237,0.96,0.9278623664283043
BTC/USDT,SHORT,205.94089508922863,1,6.0,TP,40.17993855956534,-0.7823645128083871,40.68605240912936,0.1456156387562179,0.04973558153229264,0.7049251105844637,0.83,0.19905282771470997
BTC/USDT,SHORT,-105.62333429955353,0,7.0,SL,48.63219279929488,-2.130976069638162,34.828612069623134,0.33142723635508775,0.17924433209362758,2.077715830258347,0.45,0.34390551427104926
BTC/USDT,LONG,-104.48181096033368,0,7.0,SL,65.33012164500231,2.6827914152882006,67.41755507242557,0.6230548608416727,-0.28184091719505144,0.7267162966942244,0.64,0.6519655576100403
BTC/USDT,SHORT,-103.35415437046352,0,7.0,SL,47.973971692889606,-2.4697891329148822,33.18695558275172,0.18246322187951458,0.03109814778838034,0.7370882522450326,0.43,0.1317507846603429
BTC/USDT,SHORT,-102.22645482274582,0,7.0,SL,51.781433524323454,-3.87670347749289,45.97265310812371,0.3418383902742803,0.10314636466995454,0.6698158163114791,0.0,0.1954343425204425
BTC/USDT,LONG,198.7925806942081,1,6.0,TP,28.096550138232654,1.0425794884347401,67.9058016782455,0.7854077210756624,-0.07214774216296135,1.3237343995062012,0.33,0.6211690119065972
BTC/USDT,LONG,-102.90797609171689,0,7.0,SL,58.43734692149083,1.696602922492696,64.41311046783088,0.6715376880992613,-0.07557131003751134,2.2332123951162064,0.6,0.6072373365399026
BTC/USDT,SHORT,-101.77116496073091,0,7.0,SL,57.58370192325016,-2.8820036324130576,41.86338040313337,0.3919333236783034,0.21465533026164738,0.8252469720560557,0.52,0.23995745120924347
BTC/USDT,LONG,-100.67105172382627,0,7.0,SL,55.74496429662689,1.7978130460926276,66.1022074387663,0.7052311124085443,-0.08712635648584464,0.6551295842317993,0.16,0.743495566502467
BTC/USDT,SHORT,197.5690738067213,1,7.0,TP,34.41449044156515,-1.2664668738201557,25.688546125795455,0.1349285482939791,-0.0337295903034454,0.6298303108940674,0.43,0.17152526173064453
BTC/USDT,SHORT,-101.45947213564205,0,7.0,SL,38.32631405864344,-3.0439148986274804,32.49251509666941,0.2620487541772313,0.13505672165830965,0.21692392037762984,0.37,0.20775716030413935
BTC/USDT,LONG,-100.36513406669815,0,8.0,SL,32.51962736253319,2.4724290704367293,61.612618931995236,0.6973349416192164,-0.04578211248430646,0.6703108006555013,0.14,0.7462758247323663
BTC/USDT,LONG,-99.23819511920112,0,7.0,SL,37.90927669518608,1.4082256436232516,64.864176416004,0.751813696237935,-0.13421827228005828,0.9217137370054553,0.54,0.6095723230393737
BTC/USDT,SHORT,194.51944895165656,1,8.0,TP,35.379069500794714,-2.4568676882816662,28.351187522500098,-0.19627603689970508,-0.23531672789928162,2.0675079767557616,0.86,0.07617339594591145
BTC/USDT,SHORT,-100.00153466481925,0,7.0,SL,26.958077373016813,-3.0572890546479163,38.13032089063522,0.13742914544939436,-0.07073613485986549,0.7634298116556587,0.75,0.23328088427545926
BTC/USDT,SHORT,-98.89495881807247,0,7.0,SL,25.868434907701353,-2.156298328435267,40.530179064004926,0.1795381728740396,-0.16643759026632263,0.5087385588361341,0.75,0.13091216216216217
BTC/USDT,SHORT,47.903542613783266,1,7.0,CLOSE_END,31.021185024245874,-1.4671735834314839,40.37850143918802,0.18051115388090977,-0.1591404470758892,0.6273212655177333,0.99,0.42040025502388934
ETH/USDT,SHORT,-100.0,0,5.0,SL,31.13166164002035,-1.353206651799855,19.97209951174169,-0.20461846724220212,-0.06624310704755758,3.6953029374839326,0.44,0.18644781144780942
ETH/USDT,LONG,197.15403809153372,1,4.0,TP,22.818945940800607,0.600070615599078,53.012912482065985,0.6582545082755489,0.0024921291468795294,0.35101978319369476,0.84,0.7925358130183491
ETH/USDT,LONG,-100.86508430276994,0,7.0,SL,53.66460439169572,1.946312369372162,65.3905447070915,0.632605310220715,-0.16918400739816417,0.6432800859415522,0.83,0.6887035530241399
ETH/USDT,SHORT,-99.81989080903953,0,7.0,SL,41.44052570749371,-2.847369450286186,34.23759747801559,0.20684836815247779,0.0120811796494984,1.058541391278254,0.65,0.2798400328137861
ETH/USDT,LONG,-98.77164469017389,0,6.0,SL,60.25237762889797,2.736839072036859,50.55669166098615,0.6291996996659406,-0.12343821234966203,0.665200357060276,0.33,0.7657039711191336
ETH/USDT,SHORT,-97.73312818392208,0,7.0,SL,65.40549835186154,-1.2665762291929135,22.227421619091942,0.22797665471795364,0.10968506695807723,0.8793065448706437,0.42,0.22886942831840837
ETH/USDT,SHORT,192.4394349611239,1,7.0,TP,39.584988992532054,-1.2716066619656754,14.444756291514352,0.2405541570506883,0.09639379857964316,1.2059665983256076,0.68,0.11152969168236355
ETH/USDT,SHORT,-98.57806273511842,0,7.0,SL,39.661186513276675,-1.5626720489385983,36.51335391949719,0.3115189313229087,0.0709162058740652,0.3592710563118285,0.95,0.25973615609447614
ETH/USDT,LONG,-97.5551521913766,0,6.0,SL,60.914412993861696,2.108576738802042,66.36456327177987,0.8638434581066524,-0.09198422016138522,0.6191471511781202,0.49,0.8144386494647274
ETH/USDT,LONG,10.033260997619365,1,6.0,BREAK_EVEN,34.95710799581784,1.9779580471966072,44.7280408378808,0.7996034301444204,0.16980653421622818,1.580477982498373,0.23,0.4790262986307341
ETH/USDT,LONG,-96.53204262546444,0,8.0,SL,55.69133505383671,2.3276883800175723,63.995035020835054,1.0720139991568445,-0.032341391587960955,2.2577154004693356,0.82,0.900052420059405
ETH/USDT,SHORT,189.74348028193222,1,6.0,TP,47.899624937189365,-1.4211712567486832,36.50302796031445,0.3629815318316599,0.21866551614095384,0.7580139258693925,0.23,0.21156121984524584
ETH/USDT,SHORT,-97.3342781618546,0,7.0,SL,49.390704971956566,-2.980718857648711,33.25491873396055,0.12272989013263638,0.008298807765348562,1.2237854685480973,0.43,0.22285318559556905
ETH/USDT,SHORT,-96.3010576593155,0,8.0,SL,35.99386927846369,-2.248659377824369,44.19119455603831,0.09207326512082815,-0.3952743102257913,2.654469901865977,0.85,0.2259715115474997
ETH/USDT,LONG,-95.27913933349963,0,6.0,SL,25.896424853667153,0.8494330781648813,62.14296624408115,0.7177025100415366,-0.1693014813047084,0.38682084778289,0.79,0.7376378733424209
ETH/USDT,SHORT,187.55817098476862,1,7.0,TP,29.926880749147255,-2.144296097210579,26.263529832722085,0.06450548705734864,-0.2041681168774192,1.8629090237071873,0.72,0.09166871467190989
ETH/USDT,SHORT,190.82792668384877,1,7.0,TP,68.34371593984422,-4.198681015097311,36.32158590308324,0.3917246716385168,0.16474816568839354,0.19866356110859884,0.04,0.2877447425670739
ETH/USDT,SHORT,-97.93304909816399,0,8.0,SL,60.98423194175131,-3.708219245328526,45.25650697849872,0.26764412655079295,-0.11849942664717496,1.8713691039327334,0.61,0.15482872072769477
ETH/USDT,SHORT,9.288163348762223,1,8.0,TP,34.64356049229527,-2.4119893250080455,28.4937397242947,-0.2494432059772048,-0.09957380430897682,2.8601267303189406,0.29,0.27215189873417117
ETH/USDT,SHORT,-96.90949139957398,0,7.0,SL,81.62833865146709,-4.212396075747009,35.78790344453499,0.34963711488184623,0.27352114569977787,1.313450826071513,0.15,0.31700365191057345
ETH/USDT,LONG,-95.86943780903245,0,6.0,SL,77.79075235918958,1.298744218444735,67.97283584419638,0.6543188777651063,-0.15602675409268052,0.2525588772640283,0.82,0.7507570659488586
ETH/USDT,SHORT,-94.86353709835194,0,7.0,SL,36.37497215120268,-0.4375932030285434,35.794037940379525,0.3023044821444216,0.10363421278242582,0.8903984898383965,0.49,0.2852419074138507
ETH/USDT,LONG,-93.85205740969862,0,6.0,SL,41.30262013649127,1.3589589657959977,61.6239580117319,0.8486659541926087,0.28948697985194893,1.800998257851717,0.61,0.7442857142857113
ETH/USDT,SHORT,184.84387727714284,1,8.0,TP,40.728012442633656,-1.563656404638109,45.79515558377935,0.06953038744893587,-0.2885638392514057,1.8995570789297436,0.89,0.09073272645873674
ETH/USDT,SHORT,-94.65803679434235,0,7.0,SL,65.48484666551288,-4.019113166404172,33.383121732636326,0.28700716512400964,0.2084778363764551,0.42572067748673703,0.63,0.21293023255814048
ETH/USDT,SHORT,185.76952717965557,1,7.0,TP,48.528201285432814,-1.1715434344424684,37.60968760968766,0.2895899757114466,0.17713360907042966,1.9988922837102368,0.4,0.32153249272550893
ETH/USDT,SHORT,189.94829244156043,1,6.0,TP,39.734771645027365,-1.8052899838559282,42.249211941405534,0.06992162548698574,-0.1088335319006429,1.915834796388404,0.75,0.24840989399293228
ETH/USDT,SHORT,194.10175901346528,1,7.0,TP,89.45710494612719,-2.7302363126006086,37.50755104506468,0.3296389709385034,0.1451176575929282,1.0256507150043856,0.94,0.33858409199808315
ETH/USDT,SHORT,198.01647954558263,1,7.0,TP,48.714384547415065,-2.0228079608292155,40.36112761602956,0.34747326871847156,-0.016096756533157973,1.1807106337296513,0.99,0.5231241822629277
ETH/USDT,SHORT,-101.16632009945963,0,7.0,SL,79.29963590757941,-3.399471013830194,40.73764205535805,0.29183523508602055,0.09080024630357161,0.9995309674805498,0.95,0.28224941933178527
ETH/USDT,LONG,-100.13756108503205,0,7.0,SL,46.93443845600406,3.0095393523649245,70.71911582927369,1.224888943856487,0.2445475844811943,1.0666233882872758,0.31,0.7705396918133348
ETH/USDT,SHORT,-99.10427601896885,0,8.0,SL,30.31253718341264,-1.2717634785489476,33.966551536084395,0.1694325964984432,0.0703561525409647,0.4196546528660443,0.15,0.31532953028280114
ETH/USDT,LONG,195.37727535006056,1,7.0,TP,39.440131659013254,2.0967846978668843,61.3470721286755,0.9958595676076121,0.189197086319108,1.446944762802079,0.28,0.8858669833729226
ETH/USDT,SHORT,199.3983164688797,1,7.0,TP,45.924270468292896,-1.3263483572832142,35.746913580246925,0.06538853456049652,-0.14534594444122192,0.4522069941621676,0.98,0.11908585546633842
ETH/USDT,SHORT,203.10211460212867,1,7.0,TP,67.69958175745701,-2.772605094408233,33.77880184331809,0.38838311759785243,0.18821443428589568,0.47335676369484647,0.73,0.28310139165009984
ETH/USDT,SHORT,-103.93750073084759,0,7.0,SL,36.995814158788164,-2.1635416457393375,34.90686902532768,0.30525413954318886,0.1296191565326844,1.4815597444967248,0.99,0.4312109152927804
ETH/USDT,SHORT,-102.86775015277868,0,7.0,SL,42.19174442828079,-2.165516489497648,32.61882129277568,0.2967288376060182,0.050654550292454636,0.3627451806072175,0.98,0.21333437793795085
ETH/USDT,LONG,-101.81570937314328,0,8.0,SL,35.65142620579295,2.5832419716511517,72.49557890356827,1.4319050615656908,0.2129730653042905,3.3926581896962236,0.64,0.8929492209393571
ETH/USDT,SHORT,-100.7554831334864,0,6.0,SL,45.5478437621556,-3.188324610583641,10.593942572439687,-0.09174184138073424,-0.17118575053443533,2.010460862064614,0.42,0.01692753623188448
ETH/USDT,SHORT,-99.6823250983382,0,7.0,SL,53.48806655256231,-0.9625001113060512,38.73405177753011,0.2920868332611795,0.11953240469484946,1.0440206867716373,0.5,0.30467032967033075
ETH/USDT,LONG,196.49238700666626,1,7.0,TP,30.473813546715693,1.799688660464133,67.946608155056,0.7785632243366852,-0.05585342604759067,1.3696576500499082,0.78,0.6959259259259274
ETH/USDT,LONG,-100.55561463980308,0,8.0,SL,70.47461524716907,4.636706925862147,73.52971469770316,0.9441942008399169,0.14020682821940372,1.1242966560996306,0.68,0.8451288497800132
ETH/USDT,LONG,-99.5027551044549,0,7.0,SL,27.733348501402556,1.8488481299093567,64.48631354425879,0.8738360112092065,0.06817568918769533,0.46748928913219956,0.98,0.7405457156534215
ETH/USDT,SHORT,-98.47047449669968,0,6.0,SL,41.23787603007294,-1.3525238922720786,36.34925656437842,0.29129106642082864,0.07752336127018836,0.8273987264996353,0.62,0.2588088201864057
ETH/USDT,LONG,-97.44132522103213,0,7.0,SL,55.74758933305001,1.985377071311788,62.49069445921521,0.7082268892578661,-0.16807000234025618,0.9568779669079471,0.39,0.7189181916038736
ETH/USDT,LONG,7.004083120332963,1,8.0,TP,59.47611652727533,4.637662428628117,55.18055555555558,0.6492340076230485,-0.06838388386048912,0.33331121185298196,0.43,0.877669726438244
ETH/USDT,LONG,-96.42826098863085,0,8.0,SL,32.659337015183695,5.14473359246662,64.11965669527538,1.1721392551830203,0.3191136185377769,4.316574637080834,0.85,0.747260774287801
ETH/USDT,LONG,-95.4129809990397,0,7.0,SL,73.4901934356337,1.9181769680137712,65.49573893161502,0.7949287375063044,-0.07534014329238264,1.0737042507051713,0.22,0.8117243200422475
ETH/USDT,LONG,-94.35692932784242,0,7.0,SL,31.213320609737043,1.8056696678958764,64.06260821386527,0.7827035640905088,-0.0921238160448625,0.5511856813486768,0.88,0.8215142628632351
ETH/USDT,SHORT,-93.36986582490191,0,7.0,SL,76.9162833147051,-1.9235151284075849,37.22214356505743,0.3505722068719296,0.11197087342755865,0.7169072262365632,0.4,0.2917071815529934
ETH/USDT,SHORT,-92.38047138999943,0,8.0,SL,32.20311047790599,-2.555929615931446,43.45643599856586,0.08975487408772775,-0.186565913510706,2.071648185621003,0.6,0.22233025441581622
ETH/USDT,LONG,-91.40148969605195,0,7.0,SL,69.99684867143874,3.1052974635007784,55.52399886395903,0.6369025149866983,-0.1802518490443919,1.2721480650513597,0.92,0.6642532651902318
ETH/USDT,SHORT,-90.43452832648853,0,7.0,SL,36.379914512612054,-2.2633542291136206,26.74662931185432,0.16100937225526105,0.1361230382481009,0.4706014634988272,0.85,0.11523997134670587
ETH/USDT,SHORT,-89.49382204021828,0,7.0,SL,58.66303736787132,-2.7268922062436927,32.31258366800513,0.2611460203830091,0.074263639326894,0.2881245115907824,0.09,0.22254242715337585
ETH/USDT,SHORT,-88.54166484856235,0,7.0,SL,25.921884923541167,-1.2116381562679048,32.999885017822365,0.2788702801839488,-0.01919379023469387,1.415287375050512,0.8,0.34358900973096995
ETH/USDT,LONG,-87.6001290270739,0,7.0,SL,38.276001618334696,3.251108964164382,48.31775700934585,0.7084668700126301,0.011367876559952453,0.897500473775969,0.06,0.8380689655172413
ETH/USDT,LONG,-86.6485826008242,0,8.0,SL,40.644907994181985,2.3151425583810683,67.7266081871345,0.9574745368385494,0.17774223850921897,1.8423397963356087,0.23,0.5989315800287661
ETH/USDT,LONG,-85.7076656316347,0,8.0,SL,47.78941902982802,1.05035766583865,58.685273595299236,0.6475588184392099,0.02101611199070657,0.6397511192540851,0.49,0.45613314156564644
ETH/USDT,SHORT,-84.7895219212255,0,8.0,SL,31.915013481418704,-2.1005427935173353,37.962614477480834,-0.13711247885684275,-0.2536487536856345,1.3140139786903986,0.86,0.042685542685542775
ETH/USDT,LONG,-83.8869428701831,0,7.0,SL,56.063664574581715,1.0607081806789,66.21645021645023,0.71897360860479,-0.05516920450910538,1.574766493271204,0.6,0.6356923076923067
ETH/USDT,SHORT,-82.96823985029687,0,6.0,SL,43.957030454131335,-1.1164912690282542,42.13418822990606,0.14551864958673288,-0.07925644612431729,1.0210367031316812,0.94,0.0901179655772593
ETH/USDT,SHORT,-82.08033193629997,0,8.0,SL,32.01573538972609,-2.125572951002338,33.11769616026716,0.05148861789936167,0.011611164923697544,2.147498939745211,0.17,0.1330827067669164
ETH/USDT,SHORT,-32.075104982583966,0,8.0,CLOSE_END,37.72594581236417,-0.8794794093566548,43.34072431633411,0.3624406483947881,0.0978178108147323,0.9645315922774931,0.47,0.4248704663212445
