symbol,asset_class,entry_time,direction,pnl,winner,score,result,sig_adx,sig_dist_ema_atr,sig_rsi,sig_bb_percent,sig_macd_hist_slope,sig_vol_ratio,sig_atr_rank,sig_donchian_pos
BTC/USDT,CRYPTO,2026-04-16T20:00:00+00:00,LONG,199.0931622671684,1,5.0,TP,22.349886658726557,1.3981299866665315,51.94117519089789,0.838790567019761,0.210338522157301,0.8514664211123266,0.92,0.8600887226899088
BTC/USDT,CRYPTO,2026-04-17T23:00:00+00:00,LONG,-101.94256452535356,0,7.0,SL,55.39847283445742,2.402023294058917,63.59498210148172,0.6218449810478747,-0.1927466398137529,0.5148762778737013,0.71,0.6662149141846754
BTC/USDT,CRYPTO,2026-04-19T20:00:00+00:00,SHORT,-100.87430909320356,0,7.0,SL,31.534035143447408,-2.209959175527972,38.16837052947271,0.0194607844247751,-0.1437569583256663,0.9913553147034072,0.59,0.1116687716821191
BTC/USDT,CRYPTO,2026-04-20T15:00:00+00:00,LONG,198.4692828020836,1,5.937960674720521,TP,36.90107406705374,0.8939136653427396,68.51294341341654,1.030685858301172,0.0103651551828842,1.8797956903430717,0.76,0.9726861321708072
BTC/USDT,CRYPTO,2026-04-26T13:00:00+00:00,LONG,200.5990627647776,1,7.0,TP,42.507594950631365,1.243587215414555,60.70884354567483,0.725469768237822,-0.1538062928965772,1.0568458227968385,0.31,0.7714940809478307
BTC/USDT,CRYPTO,2026-04-26T21:00:00+00:00,LONG,-103.5764489712192,0,8.0,SL,43.268234439147214,2.029764933707572,59.91048834837783,0.946469081156146,0.0344351616720726,3.180815334797294,0.41,0.6674253130946076
BTC/USDT,CRYPTO,2026-04-26T22:00:00+00:00,LONG,202.7422515893791,1,7.0,TP,41.932200299348985,1.3753551553359191,58.6569454630618,0.8199603985310066,0.0145651269766773,2.0993686168141186,0.45,0.6038642022894029
BTC/USDT,CRYPTO,2026-04-27T15:00:00+00:00,SHORT,-104.31409096052802,0,8.0,SL,32.36260786920147,-2.657480245606977,13.082649258708884,-0.014998639276146,-0.0483666249921848,2.5794772333833,0.62,0.0783067986156971
BTC/USDT,CRYPTO,2026-04-29T16:00:00+00:00,SHORT,-103.19077671083856,0,7.0,SL,44.61102347822111,-2.3153772157060613,39.53916255803595,0.0309209514462607,-0.357986791277885,1.4116218549388186,0.88,0.0486282144150622
BTC/USDT,CRYPTO,2026-05-01T05:00:00+00:00,LONG,202.41615627411375,1,8.0,TP,52.06815170429349,2.2191412731304614,67.1821800458595,1.0468839718065983,0.1645262833739033,0.5853717836584349,0.1,0.8175790040888731
BTC/USDT,CRYPTO,2026-05-01T22:00:00+00:00,LONG,206.8107851000552,1,7.0,TP,70.60265706124623,2.034413068059176,60.621483621031885,0.6467567921643452,-0.1944180776411257,0.416332635160064,0.8,0.6775240985816421
BTC/USDT,CRYPTO,2026-05-04T06:00:00+00:00,LONG,-106.0252068481323,0,7.0,SL,53.4140550524158,2.260737845973089,67.18323542955972,0.7801559271119173,-0.0670219685074324,1.6532803529830706,0.99,0.6771497850108438
BTC/USDT,CRYPTO,2026-05-04T15:00:00+00:00,LONG,5.286436238092099,1,8.0,BREAK_EVEN,30.254385115588462,1.6686570701683523,53.14171252519007,0.7197086885433321,0.1614930733795475,2.118400124480915,0.98,0.7507057706769275
BTC/USDT,CRYPTO,2026-05-07T15:00:00+00:00,SHORT,-104.90422242984069,0,7.0,SL,29.7656270396542,-2.619311378513241,30.45365362423969,-0.151727885430733,-0.2327123077751531,2.591592016954077,0.45,0.095136399840701
BTC/USDT,CRYPTO,2026-05-09T22:00:00+00:00,LONG,17.919710859147386,1,7.0,BREAK_EVEN,39.01925314832924,1.7534003144766002,66.29666301874383,0.7832556564342231,-0.1418001015558836,0.6288272983877233,0.09,0.685058201058206
BTC/USDT,CRYPTO,2026-05-10T22:00:00+00:00,LONG,-103.79326157819622,0,7.988595555844769,SL,38.74279434189928,3.0184108529554856,68.4705817922931,1.2058334600919869,-0.0412359492213025,3.763608408117715,0.79,0.9326336150175188
BTC/USDT,CRYPTO,2026-05-11T00:00:00+00:00,LONG,-102.65165178135312,0,7.0,SL,40.56484606147591,1.229473343829247,57.27920137653383,0.6929588898969794,0.1771932865875198,2.203942391574352,0.99,0.5416380623309309
BTC/USDT,CRYPTO,2026-05-12T13:00:00+00:00,SHORT,-101.54944940560992,0,7.0,SL,58.13343611489852,-1.8061160824528315,20.569037579863974,0.0797493210280765,0.0511276213305801,1.725530166718689,0.51,0.0401335486354921
BTC/USDT,CRYPTO,2026-05-13T19:00:00+00:00,SHORT,-100.43014519470618,0,7.0,SL,38.771691010622746,-2.1784719672855317,32.01893156234988,0.2572832823560567,0.2374316243123878,0.6953639434258183,0.82,0.3454332507130407
BTC/USDT,CRYPTO,2026-05-14T18:00:00+00:00,LONG,-99.35227293685814,0,7.0,SL,27.171972891774505,2.3646021834325643,75.81078199511502,0.9322048984843132,0.1367983427800159,1.1229777329781208,0.91,0.8508891184947527
BTC/USDT,CRYPTO,2026-05-15T14:00:00+00:00,SHORT,195.44348176882175,1,7.0,TP,44.89721330475459,-2.603267750588652,25.588160108190166,-0.0519545728796852,-0.2727215707352772,2.6131618468830022,0.87,0.1605926013079572
BTC/USDT,CRYPTO,2026-05-18T13:00:00+00:00,SHORT,-100.1906708285044,0,8.0,SL,56.82663399325823,-2.366974655756556,41.33079911302282,0.3111319497427747,0.1801181093466364,1.684765549152303,0.7,0.1863114672218606
BTC/USDT,CRYPTO,2026-05-20T15:00:00+00:00,LONG,-99.1201830731704,0,6.0,SL,28.32061797998906,0.7279727064928047,64.07603294050867,0.7430550819058006,-0.1200202179019994,1.678492696136192,0.55,0.7024769887001492
BTC/USDT,CRYPTO,2026-05-25T12:00:00+00:00,LONG,-98.04077086297492,0,7.0,SL,31.92846623055195,1.7436562612674176,66.83260808576419,0.6756026658427883,-0.137035419662074,0.7877966912821961,0.18,0.791459638058503
BTC/USDT,CRYPTO,2026-05-26T18:00:00+00:00,SHORT,192.8934543270745,1,8.0,TP,32.60639544233887,-1.9317167197642588,35.16489255788284,-0.0903551015647915,-0.1823237638845948,1.1143195541326203,0.99,0.0266223323336376
BTC/USDT,CRYPTO,2026-05-28T11:00:00+00:00,SHORT,-98.84567752104562,0,7.0,SL,62.02928360134313,-3.798093406348523,33.48493695133344,0.3100343580584295,0.2177042404526767,0.4196875536962378,0.71,0.289103671063209
BTC/USDT,CRYPTO,2026-05-31T23:00:00+00:00,SHORT,193.18685503613776,1,8.0,TP,48.48809915910673,-0.6577506492441909,44.750639706989325,0.2933614698710079,0.1266865488636883,1.2750671259698445,0.39,0.3340800896107518
BTC/USDT,CRYPTO,2026-06-01T07:00:00+00:00,SHORT,197.7526673453181,1,8.0,TP,37.520843130887634,-2.351031882706128,35.477743530929644,-0.1949849348890819,-0.1785508457704059,2.116198655711484,0.61,0.0763052208835341
BTC/USDT,CRYPTO,2026-06-02T03:00:00+00:00,SHORT,201.98202217074683,1,7.0,TP,76.17789714952325,-3.3873366040285715,38.61014301165732,0.2385268393486364,-0.0134551673831022,0.4224964825663109,0.82,0.282342259032916
BTC/USDT,CRYPTO,2026-06-03T03:00:00+00:00,SHORT,-103.4646950517262,0,8.0,SL,83.99346929163912,-5.001895596062051,20.314651604226043,0.0887139464654138,0.0153039278061573,1.8661091839379376,0.99,0.089252074527041
BTC/USDT,CRYPTO,2026-06-03T06:00:00+00:00,SHORT,204.1138974782374,1,7.0,TP,74.36379401635686,-3.480934471694878,45.86301011527063,0.3895982063904431,0.2024850816367694,1.02541267730389,0.94,0.367796405969107
BTC/USDT,CRYPTO,2026-06-04T03:00:00+00:00,SHORT,208.2583169508104,1,7.0,TP,66.04251187505905,-3.002781920537411,35.18603973664284,0.2942383832403806,0.0318685540192095,1.352559544555109,0.99,0.4890639129642725
BTC/USDT,CRYPTO,2026-06-05T14:00:00+00:00,SHORT,-106.4524968551641,0,8.0,SL,27.34628739318557,-3.26567989990532,33.965417585600306,-0.0137658388336022,-0.1294454564588246,2.8517335754837583,0.92,0.1394634574401404
BTC/USDT,CRYPTO,2026-06-08T06:00:00+00:00,LONG,-105.36138069733832,0,6.0,SL,26.86983815941592,1.13254267028556,59.70040393769534,0.7025805192238526,-0.1268566859406698,0.6297293070408873,0.38,0.591353403175685
BTC/USDT,CRYPTO,2026-06-09T14:00:00+00:00,SHORT,-104.268467531872,0,7.0,SL,33.92833851930887,-2.71207814354331,31.21240362619669,-0.207758564201458,-0.165057099266419,3.1703874131937524,0.25,0.1457772777237002
BTC/USDT,CRYPTO,2026-06-11T18:00:00+00:00,LONG,205.17445725336276,1,7.0,TP,46.04511070730207,2.356402503428225,63.12397225995564,0.8578535467734955,0.0724333582287415,1.0328954668767134,0.25,0.8753318077803214
BTC/USDT,CRYPTO,2026-06-14T22:00:00+00:00,LONG,208.7651826657906,1,8.0,TP,37.0572078658924,3.686781649360016,66.77499092496234,1.110538165689696,0.5150294683476483,2.9429992854752958,0.51,0.8796177478524729
BTC/USDT,CRYPTO,2026-06-15T13:00:00+00:00,LONG,-107.16056078954652,0,8.0,SL,62.23954123299582,4.273122333962076,63.62589659410938,0.8058127137048594,0.107124927932348,2.288726452616242,0.54,0.846449506022218
BTC/USDT,CRYPTO,2026-06-17T13:00:00+00:00,SHORT,-106.01405855247953,0,6.0,SL,33.92313450445998,-0.9161492598196044,39.908287197319886,0.3435047632281933,0.1441627980777091,1.7013064807065403,0.49,0.4234746301278733
BTC/USDT,CRYPTO,2026-06-17T19:00:00+00:00,SHORT,5.627390670072332,1,8.0,BREAK_EVEN,28.13804498908169,-1.9866199325690967,32.949456742767865,-0.0644534174061067,-0.1006996652645376,2.5122600631233163,0.99,0.1240000326853466
BTC/USDT,CRYPTO,2026-06-21T05:00:00+00:00,LONG,-104.87912034743832,0,6.0,SL,35.68881372738684,2.3447824723599724,53.77803875513805,0.7129278088954265,-0.0869236719879206,0.4292695986148561,0.0,0.7638891857044167
BTC/USDT,CRYPTO,2026-06-22T05:00:00+00:00,LONG,7.142331080815918,1,7.0,BREAK_EVEN,26.198780579799035,0.6408926853095963,50.36537242130792,0.6465207481396662,0.020803346031175,2.2810809738565294,0.78,0.6293707193985272
BTC/USDT,CRYPTO,2026-06-23T06:00:00+00:00,SHORT,206.01675771427324,1,8.0,TP,33.8206343280074,-3.10281668717479,14.685292533814774,-0.0764018653087392,-0.2280666297177216,2.336331932491132,0.71,0.1202090421194986
BTC/USDT,CRYPTO,2026-06-24T20:00:00+00:00,SHORT,4.878191334140252,1,7.0,TP,40.11380136827406,-2.153492945809227,35.200619237247736,0.3448338511243937,0.2269438574966261,1.2945954177629315,0.99,0.4480509433414893
BTC/USDT,CRYPTO,2026-06-25T16:00:00+00:00,SHORT,-105.70447727413767,0,7.0,SL,44.534801355400205,-2.8460954157969023,38.247665250900525,0.0984858488518796,-0.0929862600786275,1.30167157084911,0.99,0.3112837534016561
BTC/USDT,CRYPTO,2026-06-28T01:00:00+00:00,SHORT,207.55457343230887,1,5.0,TP,26.408196957705236,-0.5115781579730871,46.22049053719648,0.2778340144274083,-0.0189118656251283,0.6835506188042656,0.18,0.3379895212751259
BTC/USDT,CRYPTO,2026-06-28T23:00:00+00:00,SHORT,-106.5999909754348,0,7.0,SL,28.08400106955053,-1.2584832344924617,36.173871429556414,0.2790039681762845,0.0057172227445368,1.3569960971700967,0.45,0.4097596965872166
BTC/USDT,CRYPTO,2026-06-29T14:00:00+00:00,SHORT,-105.46347709733864,0,8.0,SL,40.80634884625413,-0.946780810704372,45.98242642388306,0.251697867122109,-0.1246068485884743,2.375212302227472,0.6,0.3029204066873681
BTC/USDT,CRYPTO,2026-06-30T12:00:00+00:00,SHORT,-104.36334294920503,0,8.0,SL,47.40373119554864,-4.451681401945625,12.787820903766049,-0.1404315293665131,-0.1367315510141253,3.1588005054338657,0.43,0.003723145334227
BTC/USDT,CRYPTO,2026-06-30T18:00:00+00:00,SHORT,-103.23104599040325,0,7.0,SL,69.33646124811789,-2.278669996671573,34.78104244061697,0.2684622230875529,0.1570779339665377,0.6891419398165045,0.54,0.2203027228529595
BTC/USDT,CRYPTO,2026-07-01T23:00:00+00:00,LONG,203.4138286074623,1,6.0,TP,38.76968644444391,0.9343078998611288,62.6854726688556,0.6742402190961806,-0.070031776415835,0.5728385297024712,0.96,0.5644946808510638
BTC/USDT,CRYPTO,2026-07-02T17:00:00+00:00,LONG,207.30441940789623,1,7.0,TP,39.89531835337912,2.9581788178372683,59.80505417485912,0.7842017594302402,-0.1136783640623467,0.6923005203341404,0.47,0.7960911179173045
BTC/USDT,CRYPTO,2026-07-06T04:00:00+00:00,LONG,-106.14721478479692,0,7.0,SL,29.00624895569835,1.4251878672930027,60.50179277543754,0.646599352672289,-0.1958897701871747,0.645017065655347,0.71,0.5321266504950682
BTC/USDT,CRYPTO,2026-07-08T06:00:00+00:00,SHORT,-105.00850748642868,0,6.0,SL,28.79641290901918,-1.322677696424974,26.88016745159598,0.1054637347206325,-0.0333056414064322,0.6060177264410866,0.72,0.102320131770351
BTC/USDT,CRYPTO,2026-07-13T08:00:00+00:00,SHORT,206.36652773560508,1,6.0,TP,25.891368201187472,-1.4767491297169093,32.946851849167146,0.3084791853172909,0.1989951592941166,3.130330822753711,0.69,0.3670072340248617
BTC/USDT,CRYPTO,2026-07-13T18:00:00+00:00,SHORT,-105.88617621308757,0,7.0,SL,39.74530733746483,-3.5818635013405498,39.026377088691085,0.1065514123616745,-0.1056316999974095,0.6619240821442257,0.81,0.0750106729537732
BTC/USDT,CRYPTO,2026-07-14T15:00:00+00:00,LONG,-104.75775104300686,0,8.0,SL,38.02837328902467,3.968258096411674,86.96310013855484,1.1284595955444177,0.2645374466060824,3.774693832571124,0.96,0.9278623664283044
BTC/USDT,CRYPTO,2026-07-16T17:00:00+00:00,SHORT,205.94089508922863,1,6.0,TP,40.17993855956534,-0.7823645128083871,40.68605240912936,0.1456156387562179,0.0497355815322926,0.7049251105844637,0.83,0.1990528277147099
BTC/USDT,CRYPTO,2026-07-17T13:00:00+00:00,SHORT,-105.62333429955352,0,7.0,SL,48.63219279929488,-2.130976069638162,34.828612069623134,0.3314272363550877,0.1792443320936275,2.077715830258347,0.45,0.3439055142710492
BTC/USDT,CRYPTO,2026-07-21T18:00:00+00:00,LONG,-104.48181096033368,0,7.0,SL,65.33012164500231,2.6827914152882006,67.41755507242557,0.6230548608416727,-0.2818409171950514,0.7267162966942244,0.64,0.6519655576100403
BTC/USDT,CRYPTO,2026-07-23T18:00:00+00:00,SHORT,-103.35415437046352,0,7.0,SL,47.973971692889606,-2.4697891329148822,33.18695558275172,0.1824632218795145,0.0310981477883803,0.7370882522450326,0.43,0.1317507846603429
BTC/USDT,CRYPTO,2026-07-25T03:00:00+00:00,SHORT,-102.22645482274582,0,7.0,SL,51.781433524323454,-3.87670347749289,45.97265310812371,0.3418383902742803,0.1031463646699545,0.6698158163114791,0.0,0.1954343425204425
BTC/USDT,CRYPTO,2026-07-26T19:00:00+00:00,LONG,198.7925806942081,1,6.0,TP,28.09655013823265,1.04257948843474,67.9058016782455,0.7854077210756624,-0.0721477421629613,1.3237343995062012,0.33,0.6211690119065972
BTC/USDT,CRYPTO,2026-07-27T07:00:00+00:00,LONG,-102.90797609171688,0,7.0,SL,58.43734692149083,1.696602922492696,64.41311046783088,0.6715376880992613,-0.0755713100375113,2.2332123951162064,0.6,0.6072373365399026
BTC/USDT,CRYPTO,2026-07-28T12:00:00+00:00,SHORT,-101.77116496073091,0,7.0,SL,57.58370192325016,-2.8820036324130576,41.86338040313337,0.3919333236783034,0.2146553302616473,0.8252469720560557,0.52,0.2399574512092434
BTC/USDT,CRYPTO,2026-07-30T22:00:00+00:00,LONG,-100.67105172382628,0,7.0,SL,55.74496429662689,1.7978130460926276,66.1022074387663,0.7052311124085443,-0.0871263564858446,0.6551295842317993,0.16,0.743495566502467
BTC/USDT,CRYPTO,2026-07-31T10:00:00+00:00,SHORT,197.5690738067213,1,7.0,TP,34.41449044156515,-1.2664668738201557,25.68854612579545,0.1349285482939791,-0.0337295903034454,0.6298303108940674,0.43,0.1715252617306445
BTC/USDT,CRYPTO,2026-07-31T23:00:00+00:00,SHORT,-101.45947213564205,0,7.0,SL,38.32631405864344,-3.0439148986274804,32.49251509666941,0.2620487541772313,0.1350567216583096,0.2169239203776298,0.37,0.2077571603041393
BTC/USDT,CRYPTO,2026-08-06T04:00:00+00:00,LONG,-100.36513406669816,0,8.0,SL,32.51962736253319,2.4724290704367293,61.61261893199524,0.6973349416192164,-0.0457821124843064,0.6703108006555013,0.14,0.7462758247323663
BTC/USDT,CRYPTO,2026-08-07T15:00:00+00:00,LONG,-99.23819511920112,0,7.0,SL,37.90927669518608,1.4082256436232516,64.864176416004,0.751813696237935,-0.1342182722800582,0.9217137370054552,0.54,0.6095723230393737
BTC/USDT,CRYPTO,2026-08-10T15:00:00+00:00,SHORT,194.51944895165656,1,8.0,TP,35.379069500794714,-2.4568676882816662,28.351187522500098,-0.196276036899705,-0.2353167278992816,2.0675079767557616,0.86,0.0761733959459114
BTC/USDT,CRYPTO,2026-08-11T19:00:00+00:00,SHORT,-100.00153466481925,0,7.0,SL,26.958077373016813,-3.0572890546479163,38.13032089063522,0.1374291454493943,-0.0707361348598654,0.7634298116556587,0.75,0.2332808842754592
BTC/USDT,CRYPTO,2026-08-12T17:00:00+00:00,SHORT,-98.89495881807248,0,7.0,SL,25.868434907701356,-2.156298328435267,40.530179064004926,0.1795381728740396,-0.1664375902663226,0.5087385588361341,0.75,0.1309121621621621
BTC/USDT,CRYPTO,2026-08-13T18:00:00+00:00,SHORT,47.90354261378327,1,7.0,CLOSE_END,31.021185024245877,-1.467173583431484,40.37850143918802,0.1805111538809097,-0.1591404470758892,0.6273212655177333,0.99,0.4204002550238893
ETH/USDT,CRYPTO,2026-04-16T13:00:00+00:00,SHORT,-100.0,0,5.0,SL,31.13166164002035,-1.353206651799855,19.97209951174169,-0.2046184672422021,-0.0662431070475575,3.695302937483933,0.44,0.1864478114478094
ETH/USDT,CRYPTO,2026-04-16T23:00:00+00:00,LONG,197.1540380915337,1,4.0,TP,22.818945940800607,0.600070615599078,53.01291248206599,0.6582545082755489,0.0024921291468795,0.3510197831936947,0.84,0.7925358130183491
ETH/USDT,CRYPTO,2026-04-17T23:00:00+00:00,LONG,-100.86508430276994,0,7.0,SL,53.66460439169572,1.946312369372162,65.3905447070915,0.632605310220715,-0.1691840073981641,0.6432800859415522,0.83,0.6887035530241399
ETH/USDT,CRYPTO,2026-04-20T00:00:00+00:00,SHORT,-99.81989080903952,0,7.0,SL,41.44052570749371,-2.847369450286186,34.23759747801559,0.2068483681524777,0.0120811796494984,1.058541391278254,0.65,0.2798400328137861
ETH/USDT,CRYPTO,2026-04-22T19:00:00+00:00,LONG,-98.77164469017389,0,6.0,SL,60.25237762889797,2.736839072036859,50.55669166098615,0.6291996996659406,-0.123438212349662,0.665200357060276,0.33,0.7657039711191336
ETH/USDT,CRYPTO,2026-04-23T12:00:00+00:00,SHORT,-97.73312818392208,0,7.0,SL,65.40549835186154,-1.2665762291929137,22.227421619091945,0.2279766547179536,0.1096850669580772,0.8793065448706437,0.42,0.2288694283184083
ETH/USDT,CRYPTO,2026-04-27T14:00:00+00:00,SHORT,192.4394349611239,1,7.0,TP,39.58498899253205,-1.2716066619656754,14.444756291514352,0.2405541570506883,0.0963937985796431,1.2059665983256076,0.68,0.1115296916823635
ETH/USDT,CRYPTO,2026-04-30T03:00:00+00:00,SHORT,-98.57806273511842,0,7.0,SL,39.66118651327668,-1.5626720489385983,36.51335391949719,0.3115189313229087,0.0709162058740652,0.3592710563118285,0.95,0.2597361560944761
ETH/USDT,CRYPTO,2026-05-01T17:00:00+00:00,LONG,-97.5551521913766,0,6.0,SL,60.914412993861696,2.108576738802042,66.36456327177987,0.8638434581066524,-0.0919842201613852,0.6191471511781202,0.49,0.8144386494647274
ETH/USDT,CRYPTO,2026-05-03T11:00:00+00:00,LONG,10.033260997619363,1,6.0,BREAK_EVEN,34.95710799581784,1.9779580471966072,44.7280408378808,0.7996034301444204,0.1698065342162281,1.580477982498373,0.23,0.4790262986307341
ETH/USDT,CRYPTO,2026-05-04T01:00:00+00:00,LONG,-96.53204262546444,0,8.0,SL,55.69133505383671,2.3276883800175723,63.995035020835054,1.0720139991568445,-0.0323413915879609,2.257715400469336,0.82,0.900052420059405
ETH/USDT,CRYPTO,2026-05-07T06:00:00+00:00,SHORT,189.74348028193225,1,6.0,TP,47.899624937189365,-1.4211712567486832,36.50302796031445,0.3629815318316599,0.2186655161409538,0.7580139258693925,0.23,0.2115612198452458
ETH/USDT,CRYPTO,2026-05-07T18:00:00+00:00,SHORT,-97.3342781618546,0,7.0,SL,49.390704971956566,-2.980718857648711,33.25491873396055,0.1227298901326363,0.0082988077653485,1.223785468548097,0.43,0.222853185595569
ETH/USDT,CRYPTO,2026-05-13T14:00:00+00:00,SHORT,-96.3010576593155,0,8.0,SL,35.99386927846369,-2.248659377824369,44.19119455603831,0.0920732651208281,-0.3952743102257913,2.654469901865977,0.85,0.2259715115474997
ETH/USDT,CRYPTO,2026-05-14T22:00:00+00:00,LONG,-95.27913933349964,0,6.0,SL,25.896424853667156,0.8494330781648813,62.14296624408115,0.7177025100415366,-0.1693014813047084,0.38682084778289,0.79,0.7376378733424209
ETH/USDT,CRYPTO,2026-05-15T05:00:00+00:00,SHORT,187.55817098476865,1,7.0,TP,29.92688074914725,-2.144296097210579,26.263529832722085,0.0645054870573486,-0.2041681168774192,1.8629090237071877,0.72,0.0916687146719098
ETH/USDT,CRYPTO,2026-05-16T21:00:00+00:00,SHORT,190.8279266838488,1,7.0,TP,68.34371593984422,-4.198681015097311,36.32158590308324,0.3917246716385168,0.1647481656883935,0.1986635611085988,0.04,0.2877447425670739
ETH/USDT,CRYPTO,2026-05-18T15:00:00+00:00,SHORT,-97.933049098164,0,8.0,SL,60.98423194175131,-3.708219245328526,45.25650697849872,0.2676441265507929,-0.1184994266471749,1.8713691039327331,0.61,0.1548287207276947
ETH/USDT,CRYPTO,2026-05-22T18:00:00+00:00,SHORT,9.288163348762223,1,8.0,TP,34.64356049229527,-2.411989325008045,28.4937397242947,-0.2494432059772048,-0.0995738043089768,2.8601267303189406,0.29,0.2721518987341711
ETH/USDT,CRYPTO,2026-05-23T13:00:00+00:00,SHORT,-96.90949139957398,0,7.0,SL,81.62833865146709,-4.212396075747009,35.78790344453499,0.3496371148818462,0.2735211456997778,1.313450826071513,0.15,0.3170036519105734
ETH/USDT,CRYPTO,2026-05-24T08:00:00+00:00,LONG,-95.86943780903243,0,6.0,SL,77.79075235918958,1.298744218444735,67.97283584419638,0.6543188777651063,-0.1560267540926805,0.2525588772640283,0.82,0.7507570659488586
ETH/USDT,CRYPTO,2026-05-26T05:00:00+00:00,SHORT,-94.86353709835194,0,7.0,SL,36.37497215120268,-0.4375932030285434,35.794037940379525,0.3023044821444216,0.1036342127824258,0.8903984898383965,0.49,0.2852419074138507
ETH/USDT,CRYPTO,2026-05-26T12:00:00+00:00,LONG,-93.85205740969862,0,6.0,SL,41.30262013649127,1.3589589657959975,61.6239580117319,0.8486659541926087,0.2894869798519489,1.800998257851717,0.61,0.7442857142857113
ETH/USDT,CRYPTO,2026-05-26T16:00:00+00:00,SHORT,184.84387727714284,1,8.0,TP,40.728012442633656,-1.563656404638109,45.79515558377935,0.0695303874489358,-0.2885638392514057,1.899557078929744,0.89,0.0907327264587367
ETH/USDT,CRYPTO,2026-05-28T11:00:00+00:00,SHORT,-94.65803679434237,0,7.0,SL,65.48484666551288,-4.019113166404172,33.383121732636326,0.2870071651240096,0.2084778363764551,0.425720677486737,0.63,0.2129302325581404
ETH/USDT,CRYPTO,2026-05-31T23:00:00+00:00,SHORT,185.7695271796556,1,7.0,TP,48.528201285432814,-1.1715434344424684,37.60968760968766,0.2895899757114466,0.1771336090704296,1.9988922837102368,0.4,0.3215324927255089
ETH/USDT,CRYPTO,2026-06-01T08:00:00+00:00,SHORT,189.94829244156043,1,6.0,TP,39.734771645027365,-1.805289983855928,42.249211941405534,0.0699216254869857,-0.1088335319006429,1.915834796388404,0.75,0.2484098939929322
ETH/USDT,CRYPTO,2026-06-03T05:00:00+00:00,SHORT,194.10175901346528,1,7.0,TP,89.45710494612719,-2.7302363126006086,37.50755104506468,0.3296389709385034,0.1451176575929282,1.0256507150043856,0.94,0.3385840919980831
ETH/USDT,CRYPTO,2026-06-04T03:00:00+00:00,SHORT,198.01647954558263,1,7.0,TP,48.714384547415065,-2.0228079608292155,40.36112761602956,0.3474732687184715,-0.0160967565331579,1.1807106337296511,0.99,0.5231241822629277
ETH/USDT,CRYPTO,2026-06-05T20:00:00+00:00,SHORT,-101.16632009945964,0,7.0,SL,79.29963590757941,-3.399471013830194,40.73764205535805,0.2918352350860205,0.0908002463035716,0.9995309674805498,0.95,0.2822494193317852
ETH/USDT,CRYPTO,2026-06-07T23:00:00+00:00,LONG,-100.13756108503205,0,7.0,SL,46.93443845600406,3.0095393523649245,70.71911582927369,1.224888943856487,0.2445475844811943,1.0666233882872758,0.31,0.7705396918133348
ETH/USDT,CRYPTO,2026-06-09T22:00:00+00:00,SHORT,-99.10427601896885,0,8.0,SL,30.31253718341264,-1.2717634785489476,33.966551536084395,0.1694325964984432,0.0703561525409647,0.4196546528660443,0.15,0.3153295302828011
ETH/USDT,CRYPTO,2026-06-11T18:00:00+00:00,LONG,195.37727535006056,1,7.0,TP,39.44013165901325,2.0967846978668843,61.3470721286755,0.995859567607612,0.189197086319108,1.446944762802079,0.28,0.8858669833729226
ETH/USDT,CRYPTO,2026-06-17T21:00:00+00:00,SHORT,199.3983164688797,1,7.0,TP,45.924270468292896,-1.3263483572832142,35.746913580246925,0.0653885345604965,-0.1453459444412219,0.4522069941621676,0.98,0.1190858554663384
ETH/USDT,CRYPTO,2026-06-23T20:00:00+00:00,SHORT,203.1021146021287,1,7.0,TP,67.69958175745701,-2.772605094408233,33.77880184331809,0.3883831175978524,0.1882144342858956,0.4733567636948464,0.73,0.2831013916500998
ETH/USDT,CRYPTO,2026-06-24T20:00:00+00:00,SHORT,-103.9375007308476,0,7.0,SL,36.99581415878816,-2.163541645739337,34.90686902532768,0.3052541395431888,0.1296191565326844,1.4815597444967248,0.99,0.4312109152927804
ETH/USDT,CRYPTO,2026-06-26T01:00:00+00:00,SHORT,-102.86775015277868,0,7.0,SL,42.19174442828079,-2.165516489497648,32.61882129277568,0.2967288376060182,0.0506545502924546,0.3627451806072175,0.98,0.2133343779379508
ETH/USDT,CRYPTO,2026-06-29T17:00:00+00:00,LONG,-101.81570937314328,0,8.0,SL,35.65142620579295,2.583241971651152,72.49557890356827,1.4319050615656908,0.2129730653042905,3.392658189696224,0.64,0.8929492209393571
ETH/USDT,CRYPTO,2026-06-30T12:00:00+00:00,SHORT,-100.7554831334864,0,6.0,SL,45.5478437621556,-3.188324610583641,10.593942572439689,-0.0917418413807342,-0.1711857505344353,2.010460862064614,0.42,0.0169275362318844
ETH/USDT,CRYPTO,2026-06-30T16:00:00+00:00,SHORT,-99.6823250983382,0,7.0,SL,53.48806655256231,-0.9625001113060512,38.73405177753011,0.2920868332611795,0.1195324046948494,1.0440206867716373,0.5,0.3046703296703307
ETH/USDT,CRYPTO,2026-07-01T22:00:00+00:00,LONG,196.49238700666623,1,7.0,TP,30.473813546715693,1.799688660464133,67.946608155056,0.7785632243366852,-0.0558534260475906,1.3696576500499082,0.78,0.6959259259259274
ETH/USDT,CRYPTO,2026-07-03T21:00:00+00:00,LONG,-100.55561463980308,0,8.0,SL,70.47461524716907,4.636706925862147,73.52971469770316,0.9441942008399168,0.1402068282194037,1.1242966560996306,0.68,0.8451288497800132
ETH/USDT,CRYPTO,2026-07-06T22:00:00+00:00,LONG,-99.5027551044549,0,7.0,SL,27.73334850140256,1.8488481299093569,64.48631354425879,0.8738360112092065,0.0681756891876953,0.4674892891321995,0.98,0.7405457156534215
ETH/USDT,CRYPTO,2026-07-08T11:00:00+00:00,SHORT,-98.47047449669968,0,6.0,SL,41.23787603007294,-1.3525238922720786,36.34925656437842,0.2912910664208286,0.0775233612701883,0.8273987264996353,0.62,0.2588088201864057
ETH/USDT,CRYPTO,2026-07-10T15:00:00+00:00,LONG,-97.44132522103212,0,7.0,SL,55.74758933305001,1.985377071311788,62.49069445921521,0.7082268892578661,-0.1680700023402561,0.9568779669079472,0.39,0.7189181916038736
ETH/USDT,CRYPTO,2026-07-15T05:00:00+00:00,LONG,7.004083120332963,1,8.0,TP,59.47611652727533,4.637662428628117,55.18055555555558,0.6492340076230485,-0.0683838838604891,0.3333112118529819,0.43,0.877669726438244
ETH/USDT,CRYPTO,2026-07-15T13:00:00+00:00,LONG,-96.42826098863084,0,8.0,SL,32.659337015183695,5.14473359246662,64.11965669527538,1.1721392551830203,0.3191136185377769,4.316574637080834,0.85,0.747260774287801
ETH/USDT,CRYPTO,2026-07-19T10:00:00+00:00,LONG,-95.4129809990397,0,7.0,SL,73.4901934356337,1.9181769680137712,65.49573893161502,0.7949287375063044,-0.0753401432923826,1.0737042507051713,0.22,0.8117243200422475
ETH/USDT,CRYPTO,2026-07-20T23:00:00+00:00,LONG,-94.35692932784242,0,7.0,SL,31.213320609737043,1.8056696678958764,64.06260821386527,0.7827035640905088,-0.0921238160448625,0.5511856813486768,0.88,0.8215142628632351
ETH/USDT,CRYPTO,2026-07-24T03:00:00+00:00,SHORT,-93.36986582490192,0,7.0,SL,76.9162833147051,-1.9235151284075849,37.22214356505743,0.3505722068719296,0.1119708734275586,0.7169072262365632,0.4,0.2917071815529934
ETH/USDT,CRYPTO,2026-07-24T15:00:00+00:00,SHORT,-92.38047138999944,0,8.0,SL,32.20311047790599,-2.555929615931446,43.45643599856586,0.0897548740877277,-0.186565913510706,2.071648185621003,0.6,0.2223302544158162
ETH/USDT,CRYPTO,2026-07-27T12:00:00+00:00,LONG,-91.40148969605195,0,7.0,SL,69.99684867143874,3.1052974635007784,55.52399886395903,0.6369025149866983,-0.1802518490443919,1.2721480650513597,0.92,0.6642532651902318
ETH/USDT,CRYPTO,2026-07-28T04:00:00+00:00,SHORT,-90.43452832648852,0,7.0,SL,36.37991451261205,-2.2633542291136206,26.74662931185432,0.161009372255261,0.1361230382481009,0.4706014634988272,0.85,0.1152399713467058
ETH/USDT,CRYPTO,2026-07-31T23:00:00+00:00,SHORT,-89.49382204021828,0,7.0,SL,58.66303736787132,-2.7268922062436927,32.31258366800513,0.2611460203830091,0.074263639326894,0.2881245115907824,0.09,0.2225424271533758
ETH/USDT,CRYPTO,2026-08-03T09:00:00+00:00,SHORT,-88.54166484856235,0,7.0,SL,25.921884923541167,-1.2116381562679048,32.999885017822365,0.2788702801839488,-0.0191937902346938,1.415287375050512,0.8,0.3435890097309699
ETH/USDT,CRYPTO,2026-08-06T08:00:00+00:00,LONG,-87.6001290270739,0,7.0,SL,38.276001618334696,3.251108964164382,48.31775700934585,0.7084668700126301,0.0113678765599524,0.897500473775969,0.06,0.8380689655172413
ETH/USDT,CRYPTO,2026-08-07T13:00:00+00:00,LONG,-86.6485826008242,0,8.0,SL,40.64490799418199,2.3151425583810683,67.7266081871345,0.9574745368385494,0.1777422385092189,1.8423397963356087,0.23,0.5989315800287661
ETH/USDT,CRYPTO,2026-08-07T21:00:00+00:00,LONG,-85.7076656316347,0,8.0,SL,47.78941902982802,1.05035766583865,58.68527359529924,0.6475588184392099,0.0210161119907065,0.6397511192540851,0.49,0.4561331415656464
ETH/USDT,CRYPTO,2026-08-10T14:00:00+00:00,SHORT,-84.7895219212255,0,8.0,SL,31.915013481418704,-2.1005427935173357,37.962614477480834,-0.1371124788568427,-0.2536487536856345,1.3140139786903986,0.86,0.0426855426855427
ETH/USDT,CRYPTO,2026-08-12T13:00:00+00:00,LONG,-83.8869428701831,0,7.0,SL,56.06366457458172,1.0607081806789,66.21645021645023,0.71897360860479,-0.0551692045091053,1.574766493271204,0.6,0.6356923076923067
ETH/USDT,CRYPTO,2026-08-12T21:00:00+00:00,SHORT,-82.96823985029687,0,6.0,SL,43.957030454131335,-1.1164912690282542,42.13418822990606,0.1455186495867328,-0.0792564461243172,1.0210367031316812,0.94,0.0901179655772593
ETH/USDT,CRYPTO,2026-08-14T13:00:00+00:00,SHORT,-82.08033193629997,0,8.0,SL,32.01573538972609,-2.125572951002338,33.11769616026716,0.0514886178993616,0.0116111649236975,2.147498939745211,0.17,0.1330827067669164
ETH/USDT,CRYPTO,2026-08-14T18:00:00+00:00,SHORT,-32.075104982583966,0,8.0,CLOSE_END,37.72594581236417,-0.8794794093566548,43.34072431633411,0.3624406483947881,0.0978178108147323,0.9645315922774932,0.47,0.4248704663212445
SPY,ETF,2020-07-22T04:00:00+00:00,LONG,-100.0,0,8.0,SL,26.92599588697822,3.900144608497893,73.95923833291546,0.89509993571871,0.04473739675561754,0.7233332286165254,0.0,0.987972190343325
SPY,ETF,2020-07-29T04:00:00+00:00,LONG,197.24660784866657,1,8.0,TP,30.06604372491369,3.246676560238752,65.60136712638698,0.8014972632078647,-0.07441625802859256,0.7134552625022749,0.0,0.8838069847278243
SPY,ETF,2020-08-24T04:00:00+00:00,LONG,200.69901903461079,1,8.0,TP,62.064220939103635,6.34897976946042,78.65429542709137,0.9015989281223158,0.009844319105832408,0.9376571568177546,0.02,0.9965759364282373
SPY,ETF,2020-09-01T04:00:00+00:00,LONG,-102.9109245651958,0,8.0,SL,79.35367641639206,8.727259304982912,84.8664715566124,0.9878802299279973,0.050911309229807904,1.092192933059977,0.0,0.9949033439275324
SPY,ETF,2020-10-13T04:00:00+00:00,LONG,-101.84795020272142,0,8.0,SL,25.52229531450481,2.820531523063641,76.53984866474318,0.9433459239444392,0.15640040094331378,0.9558519583251129,0.46,0.8863254369030253
SPY,ETF,2020-11-10T05:00:00+00:00,LONG,201.14429217566106,1,7.0,TP,30.313679170506312,2.041315988899405,59.81279667540275,0.8531478367769133,0.20646122006720577,0.9943162585154862,0.93,0.7525146099959463
SPY,ETF,2020-12-24T05:00:00+00:00,LONG,204.7468155529379,1,8.0,TP,32.21803150508976,2.92100571368759,51.795393065005335,0.747148972854463,-0.04317886774580851,0.42802737327742113,0.36,0.5455086667933543
SPY,ETF,2021-01-20T05:00:00+00:00,LONG,-104.83618961625587,0,8.0,SL,39.83818141753806,3.744604909457229,67.29774453009443,0.9628916080273546,-0.020847818367932654,0.9648058474916157,0.38,0.960457227356025
SPY,ETF,2021-02-05T05:00:00+00:00,LONG,-103.76415351326983,0,6.0,SL,23.19602300686134,2.9553773214567856,62.055743864064176,0.9287611358081074,0.2126253968528876,0.7278425287450003,0.55,0.9623758255755605
SPY,ETF,2021-03-12T05:00:00+00:00,LONG,204.88377022101162,1,7.0,TP,30.09834684383349,1.6386487314608236,55.91452735267392,0.8247075292965355,0.18720838795657707,0.6526539454519695,0.98,0.9331092003505455
SPY,ETF,2021-04-15T04:00:00+00:00,LONG,-104.74190676640313,0,8.0,SL,39.5788896393129,6.53919927086093,90.92903487595244,0.9006400507602353,-0.08827370824895008,0.7161656958227414,0.0,0.9910102613544186
SPY,ETF,2021-07-09T04:00:00+00:00,LONG,-103.662074924276,0,8.0,SL,28.27336512874505,4.561791368005553,84.01572213445772,0.9212975241195905,-0.04995301950155523,1.1876579139676837,0.23,0.9848624283394471
SPY,ETF,2021-10-19T04:00:00+00:00,LONG,204.38235269627424,1,7.0,TP,34.17110660618968,1.970985147807957,66.83304918583116,1.019169390404318,0.22475223781274012,0.5467609276884451,0.88,0.9971262096651415
SPY,ETF,2021-11-05T04:00:00+00:00,LONG,-104.61275192067106,0,8.0,SL,61.5715656047326,6.555635201974558,90.53941087725373,0.884662693330187,0.0187743334607824,1.1356245750426561,0.34,0.9457939891351939
SPY,ETF,2021-12-10T05:00:00+00:00,LONG,-103.52662431768545,0,7.0,SL,27.29185300053279,1.6796619403580846,51.36161527109646,0.7497316360629405,0.18399776527222428,0.9282541084162946,0.99,0.8862707886869222
SPY,ETF,2022-03-28T04:00:00+00:00,LONG,-102.47406570186763,0,7.0,SL,29.143399966976112,1.8771387200325342,77.83952297148359,0.9167605864176258,0.028880829401048518,0.6548534693001542,0.54,1.0
SPY,ETF,2022-08-01T04:00:00+00:00,LONG,1.8401503441754612,1,6.0,BREAK_EVEN,25.559982734121213,2.0567429883747024,74.40496465923871,0.970093827699098,0.12024572546651893,0.9770004484592223,0.29,0.9376913769418458
SPY,ETF,2022-11-23T05:00:00+00:00,LONG,-101.43792031850813,0,8.0,SL,30.953427209789613,2.456414957303766,74.0469093037048,0.8572492785710272,-0.041734231149467844,0.7893400197862298,0.24,0.9850621250431728
SPY,ETF,2023-01-23T05:00:00+00:00,LONG,2.1904007930864307,1,8.0,BREAK_EVEN,35.489442119530935,1.8441380127347464,68.07712595989004,0.9231162335032819,-0.03976799759171321,1.077144987663136,0.15,0.9275469624344354
SPY,ETF,2023-04-13T04:00:00+00:00,LONG,-100.41243641131682,0,8.0,SL,35.1103494592084,3.1744733627704287,81.60023994393377,0.8711322544383338,-0.11453892154099782,0.9742820833347762,0.0,0.9872497833657478
SPY,ETF,2023-05-30T04:00:00+00:00,LONG,197.77321577661465,1,8.0,TP,25.509900088999235,2.35820196347195,63.63904010561309,0.9031228260863855,0.10667948250126402,0.8982229201324647,0.18,0.8726114604538051
SPY,ETF,2023-06-12T04:00:00+00:00,LONG,201.6575131377352,1,8.0,TP,40.05505228428152,4.221920424037039,68.91858641282172,0.9701926671439538,0.02692990918199971,0.9376138840819899,0.24,0.9966659570039089
SPY,ETF,2023-07-18T04:00:00+00:00,LONG,-103.32403027148025,0,8.0,SL,35.68916456243155,6.264703609049037,81.00469811094506,1.0187129435131574,0.13399455447782072,1.1032306835444077,0.04,0.9716948395150089
SPY,ETF,2023-11-14T05:00:00+00:00,LONG,203.61506232318115,1,8.0,TP,37.87970477725242,3.0506007772979307,79.65019456981523,0.99503276414724,0.09903170715937928,1.0788827445307794,0.76,0.9674421560185406
SPY,ETF,2024-02-02T05:00:00+00:00,LONG,207.29123940124782,1,8.0,TP,31.800028273825543,5.334470226576323,69.86740359613663,0.9353006622693266,-0.08904543540073537,1.2556156858006118,0.57,0.9426069641312909
SPY,ETF,2024-03-12T04:00:00+00:00,LONG,-106.30907503054696,0,8.0,SL,28.23273418425877,4.684896451515732,72.73997873918238,0.9054576641557235,-0.01624017874539892,1.0628111035635535,0.77,0.9476366786425418
SPY,ETF,2024-05-09T04:00:00+00:00,LONG,209.50665931011423,1,7.0,TP,30.95395647315802,2.230153343261271,75.65126492070267,0.9811283465425349,0.15325055542923652,0.6428901442646032,0.81,0.9984804875825846
SPY,ETF,2024-07-16T04:00:00+00:00,LONG,-107.28549680059635,0,8.0,SL,78.46130615258004,6.043884992567768,79.44717765195634,0.9902775098288055,0.03404502929582844,0.8057325716618399,0.32,0.9881388366113727
SPY,ETF,2024-08-19T04:00:00+00:00,LONG,-106.17521541214104,0,7.0,SL,42.79602387716009,1.8281892530582067,59.62823561884551,0.9149658113133187,0.2491468796646993,0.6374030864400688,0.9,1.0
SPY,ETF,2024-11-07T05:00:00+00:00,LONG,-105.09862999098361,0,8.0,SL,29.004559371054654,3.8338665015582927,60.329896184881996,1.0913285555403394,0.41870144965582046,1.1102188332115577,0.6,0.9638373156228996
SPY,ETF,2024-12-11T05:00:00+00:00,LONG,-104.02105182566534,0,8.0,SL,35.014241977686304,4.96859004296512,75.99634896417135,0.8082334481338773,-0.1833776037359433,0.7187000810482034,0.0,0.9361336477533576
SPY,ETF,2025-01-22T05:00:00+00:00,LONG,-102.93745292058375,0,7.0,SL,28.116274117641236,2.0829961193864266,65.40928383466937,0.9853475105823795,0.28304748576036576,0.877681395789493,0.8,0.9574989666752535
SPY,ETF,2025-05-02T04:00:00+00:00,LONG,203.29680620776676,1,6.0,TP,28.507064700481465,0.988358374118522,69.35147771961428,0.9062298667304819,0.05422941572276555,0.5770760597638636,0.72,0.9812890273894569
SPY,ETF,2025-06-10T04:00:00+00:00,LONG,206.90922489602602,1,7.0,TP,22.909686415444135,3.8500020816566587,59.75944164954297,0.983470953237468,0.062428115513490104,0.9365445046310512,0.17,0.9860081125474264
SPY,ETF,2025-07-03T04:00:00+00:00,LONG,210.73211277892005,1,7.0,TP,24.647213184565725,6.022381074722019,73.14896093385138,1.0168058145883832,0.08057842525125589,0.6806660545899886,0.07,0.9745754444193285
SPY,ETF,2025-08-12T04:00:00+00:00,LONG,-108.02850423486368,0,7.0,SL,22.137776771306402,4.152881907227311,58.61436885802911,1.0265713492102164,0.18476743131444026,0.8914012515405332,0.39,0.9935494714836857
SPY,ETF,2025-08-22T04:00:00+00:00,LONG,-106.91732733420827,0,6.0,SL,18.35400186672265,3.937841774587969,66.4725123832666,0.8407320538589232,-0.08464889921767499,1.1710049160001677,0.21,0.9562660809827145
SPY,ETF,2025-09-04T04:00:00+00:00,LONG,210.2640189566638,1,6.0,TP,22.796770465946015,3.7109901135797476,54.53753072160518,0.8780769505180931,-0.04292416746635373,1.006204774131488,0.22,0.9823274063079719
SPY,ETF,2025-09-18T04:00:00+00:00,LONG,4.680359732607918,1,8.0,BREAK_EVEN,25.386965221135558,4.58057113631321,67.41520712824067,0.912718819825681,-0.022244535803471025,1.2953284852355447,0.26,0.9153793525812908
SPY,ETF,2025-10-27T04:00:00+00:00,LONG,-107.88913892695919,0,8.0,SL,27.83817486590365,3.1249307569280753,60.89486459822015,1.1321701217691351,0.16829425972666856,0.8135046827398781,0.99,0.9908260579167071
SPY,ETF,2025-12-10T05:00:00+00:00,LONG,-106.78762487581582,0,7.0,SL,28.62165455162303,2.055041828724382,72.0007513457993,0.7946596550031155,-0.05664864062198705,1.034729022748475,0.71,0.9632748951991216
SPY,ETF,2026-04-16T04:00:00+00:00,LONG,210.65897094800482,1,8.0,TP,30.09363576249848,3.0109422337076612,83.78929793512913,0.9605441348605234,0.12020405571536633,0.5734339776190184,0.64,0.9847611402859076
EURUSD,FOREX,2020-05-28T23:00:00+00:00,LONG,197.58668215003755,1,6.0,TP,23.82016686389391,1.6274300281810599,72.2052564822142,1.0707487217748495,0.11013301071265164,0.0,0.6,0.8261648745519772
EURUSD,FOREX,2020-06-07T23:00:00+00:00,LONG,201.82243969219547,1,7.0,TP,47.50589205720627,3.2235434342880884,83.6402221340741,0.9675150548832613,0.0911836300885703,0.0,0.65,0.8939222355464961
EURUSD,FOREX,2020-07-27T23:00:00+00:00,LONG,-103.96401867139046,0,7.0,SL,64.4418511929356,4.927988039619115,88.2035076980936,1.0999414843077053,0.1411842602000638,0.0,0.48,0.982623849246495
EURUSD,FOREX,2020-12-11T00:00:00+00:00,LONG,3.992765551895664,1,6.0,BREAK_EVEN,40.84798613265433,3.0950778475637466,76.02649006622474,0.8506901308281379,-0.13384052729221352,0.0,0.27,0.9106922922693612
EURUSD,FOREX,2021-03-12T00:00:00+00:00,SHORT,203.06105044389528,1,5.0,TP,26.11176921292185,-0.8794310181542938,38.2550295373645,0.3230042786095026,0.11403721875092075,0.0,0.72,0.3698843220164549
EURUSD,FOREX,2021-03-29T23:00:00+00:00,SHORT,-104.93901520872221,0,7.0,SL,29.710670758432066,-3.011364871381456,39.21230829099007,0.09671489080791676,-0.054099382643356474,0.0,0.12,0.14556768336223685
EURUSD,FOREX,2021-04-22T23:00:00+00:00,LONG,204.14177698373578,1,6.0,TP,45.278027308968355,0.8603861126689417,82.18023870863396,0.781825439644829,-0.08872741340017613,0.0,0.06,0.8225647898498262
EURUSD,FOREX,2021-06-13T23:00:00+00:00,SHORT,208.09125688904845,1,4.0,TP,,,,,,,,
EURUSD,FOREX,2021-06-20T23:00:00+00:00,SHORT,4.163226109948549,1,7.0,BREAK_EVEN,35.07685455003673,-2.667584323842261,16.274363640840434,-0.1617581677473824,-0.2844545183501796,0.0,0.74,0.0595417932654213
EURUSD,FOREX,2021-09-22T23:00:00+00:00,SHORT,211.02364407728717,1,7.0,TP,37.76355506760041,-2.438084664202127,12.531113655939365,-0.02290423949386564,-0.13066465752757742,0.0,0.02,0.01570946036082667
EURUSD,FOREX,2021-10-14T23:00:00+00:00,SHORT,-110.03926121892005,0,6.0,SL,63.64038361032088,-2.0723287313369396,32.31926369122185,0.35287519687991586,0.17264830874585652,0.0,0.39,0.27779457171852395
EURUSD,FOREX,2021-10-28T23:00:00+00:00,LONG,-108.91108894504784,0,5.0,SL,,,,,,,,
EURUSD,FOREX,2021-11-11T00:00:00+00:00,SHORT,212.29980897694287,1,4.0,TP,,,,,,,,
EURUSD,FOREX,2021-11-23T00:00:00+00:00,SHORT,-109.89157666694777,0,7.0,SL,36.43056312723258,-3.955880402967318,21.16110251533479,0.029366265551588434,0.0028713563120364894,0.0,0.96,0.032229350194910834
EURUSD,FOREX,2021-11-30T00:00:00+00:00,SHORT,-108.7725052914862,0,6.0,SL,54.251044685861594,-2.433972077818082,24.092838391521084,0.31308293558939637,0.20559469851181122,0.0,0.99,0.24605195562528637
EURUSD,FOREX,2022-01-27T00:00:00+00:00,SHORT,-107.66564744552328,0,5.0,SL,29.23817343155582,-1.5225968851868135,44.70599647933958,0.036114273319541354,-0.11247812813449995,0.0,0.84,0.31421014290479415
EURUSD,FOREX,2022-02-18T00:00:00+00:00,LONG,-106.56676397691773,0,5.0,SL,25.652882841102862,0.0951271744761545,70.20485763463118,0.5895988968417996,-0.035288331113505336,0.0,0.88,0.6555065597901896
EURUSD,FOREX,2022-02-25T00:00:00+00:00,SHORT,208.0406677786036,1,5.0,TP,33.25988690663672,-1.7825171368425385,20.070317074421155,0.06041744764469015,-0.11238947853606546,0.0,0.85,0.20897427932405108
EURUSD,FOREX,2022-03-08T00:00:00+00:00,SHORT,-107.54475503828493,0,7.0,SL,62.075273814108364,-3.3501457415606226,11.428656964408006,-0.07321758338812037,-0.1713317119751405,0.0,0.98,0.08272612683096449
EURUSD,FOREX,2022-03-09T00:00:00+00:00,SHORT,-106.45673196830167,0,6.0,SL,62.290312748074136,-2.6967355363671883,13.392393205553233,0.04766790573680701,-0.12417257377054337,0.0,0.99,0.1307376015995132
EURUSD,FOREX,2022-03-10T00:00:00+00:00,SHORT,209.02589202323387,1,6.0,TP,62.71813321212439,-1.2282885263574932,32.11976867834929,0.31479081610804466,0.0737894575706596,0.0,0.99,0.4345214264929607
EURUSD,FOREX,2022-05-04T23:00:00+00:00,SHORT,2.9051719960730136,1,6.0,BREAK_EVEN,48.48570829470308,-2.515655555514965,34.12018927264266,0.30433926004815465,0.13790640321258896,0.0,0.78,0.32397845271495984
EURUSD,FOREX,2022-06-20T23:00:00+00:00,SHORT,213.0040200202553,1,6.0,TP,41.066036831283895,-1.316431258043314,36.35588710255406,0.27258283720726456,0.11998778232168009,0.0,0.68,0.34325361572083435
EURUSD,FOREX,2022-07-26T23:00:00+00:00,SHORT,-109.58989259430486,0,7.0,SL,48.12837327413323,-2.148386675444916,45.21614225988432,0.3633164688675857,0.03395590065043688,0.0,0.78,0.3350252136320441
EURUSD,FOREX,2022-08-29T23:00:00+00:00,SHORT,-108.48196236435568,0,6.0,SL,27.935995624169042,-1.7956640669046782,35.33824567469064,0.2791771800955819,0.0766255846695773,0.0,0.67,0.2379263989030569
EURUSD,FOREX,2022-10-11T23:00:00+00:00,SHORT,-107.3850702835338,0,7.0,SL,25.71561959358999,-1.783689544061618,43.48708609980468,0.26399800396027284,-0.10904423418678083,0.0,0.95,0.3136792535508334
EURUSD,FOREX,2022-11-14T00:00:00+00:00,LONG,211.2376464179328,1,6.0,TP,26.131412907892926,2.314894379468495,67.69208968924801,1.1546390853513846,0.14840648697479705,0.0,0.99,0.9662468537206057
EURUSD,FOREX,2023-01-30T00:00:00+00:00,LONG,-108.40546534468018,0,6.0,SL,36.44642585888922,3.297768455241701,67.98918083941528,0.7041972651646785,-0.06111915181366212,0.0,0.03,0.8634189113916628
EURUSD,FOREX,2023-05-18T23:00:00+00:00,SHORT,-107.3016545950986,0,4.0,SL,29.744661837059542,-1.399417212271374,27.164349550832256,-0.07067183983262611,-0.05781249266462231,0.0,0.18,0.0431661113278384
EURUSD,FOREX,2023-06-20T23:00:00+00:00,LONG,209.62039579310652,1,5.0,TP,42.85459258580305,1.1082968454663724,72.89803913962604,0.9051979046160421,0.04182321107596973,0.0,0.28,0.8414472529892828
EURUSD,FOREX,2023-09-14T23:00:00+00:00,SHORT,-108.28689149544633,0,7.0,SL,26.67862975984437,-2.737990384955652,36.15588407373519,-0.012055661917091943,0.006504644318999455,0.0,0.57,0.008008868056967293
EURUSD,FOREX,2023-11-15T00:00:00+00:00,LONG,-107.18416080234778,0,7.0,SL,36.42006132827094,2.1480575230604964,78.26228229789447,1.2092446015667588,0.06643720870776103,0.0,0.98,0.9753001210297341
EURUSD,FOREX,2023-12-22T00:00:00+00:00,LONG,-106.09477060087883,0,7.0,SL,27.986384098404212,2.262264304880547,58.66618822149684,0.8363287231558951,0.10572915817836064,0.0,0.65,0.8887534852510722
EURUSD,FOREX,2024-03-08T00:00:00+00:00,LONG,-105.01506695995408,0,6.0,SL,46.55536976735617,1.8689434628177781,78.73891658303083,1.1031786605521627,0.10649329109315771,0.0,0.09,0.9012828086758448
EURUSD,FOREX,2024-04-17T23:00:00+00:00,SHORT,-103.93643647247409,0,6.0,SL,28.014074038159276,-1.6569841387746815,37.22600187981825,0.16844279525261302,-0.05327820380946075,0.0,0.92,0.2295532761287564
EURUSD,FOREX,2024-07-11T23:00:00+00:00,LONG,-102.87914249389652,0,6.0,SL,33.35470218194966,1.6211145159053064,78.67691625397295,1.0100608586221727,0.024141843372906865,0.0,0.19,0.8421462316108976
EURUSD,FOREX,2024-08-18T23:00:00+00:00,LONG,4.142613380388245,1,7.0,BREAK_EVEN,28.601963040468313,2.1012643836422877,73.14146427890674,0.945803640503279,0.03187704287382133,0.0,0.78,0.8382284438935673
EURUSD,FOREX,2024-10-09T23:00:00+00:00,SHORT,200.69757481456446,1,4.0,TP,30.73472552586755,-1.2353433022243685,26.852655809868054,0.01608345085513953,-0.05546373116606441,0.0,0.77,0.09808207136293474
EURUSD,FOREX,2024-11-12T00:00:00+00:00,SHORT,205.20643190617434,1,7.0,TP,47.309066957761495,-2.5913058319396143,39.6880140173514,-0.10878551718945688,-0.16471516318295298,0.0,0.99,0.2002537684256841
EURUSD,FOREX,2024-11-29T00:00:00+00:00,SHORT,209.73860419636884,1,6.0,TP,66.09348695076122,-1.8761430380409183,36.568205776934576,0.38536890425918696,0.19220119796619436,0.0,0.89,0.3759613395383977
EURUSD,FOREX,2025-01-14T00:00:00+00:00,SHORT,-107.95004170639017,0,6.0,SL,38.72997861819591,-2.576347257822188,35.30202145348244,0.14389240754285784,-0.04685920956601829,0.0,0.76,0.23331341040660483
EURUSD,FOREX,2025-03-30T23:00:00+00:00,LONG,210.89347924344338,1,7.0,TP,46.30025059064582,2.1897789292844236,48.44004399383318,0.5147493167798538,-0.08253397841140295,0.0,0.19,0.7295555237253226
EURUSD,FOREX,2025-04-10T23:00:00+00:00,LONG,215.96754912861047,1,7.0,TP,33.08096154866166,3.2024733584972145,71.55952353406128,1.2787004430064104,0.11331647240646454,0.0,0.99,0.7067610833415009
EURUSD,FOREX,2025-10-09T23:00:00+00:00,SHORT,-111.09123488947513,0,4.0,SL,25.342869655616134,-1.4356452025883757,31.926894850696627,-0.08917953664858028,-0.14174872065033048,0.0,0.31,0.05322576487872774
EURUSD,FOREX,2025-10-19T23:00:00+00:00,SHORT,4.65489155549487,1,5.0,BREAK_EVEN,33.271720751459284,-0.2009054219136832,41.197195084589985,0.40001347671790516,0.22128368169800258,0.0,0.02,0.40840500882660385
EURUSD,FOREX,2025-12-18T00:00:00+00:00,LONG,-109.982579930352,0,6.0,SL,34.85923797616253,1.8761794007385935,78.4811453845274,0.8285253398873369,-0.03909718889669564,0.0,0.01,0.8004332603604909
EURUSD,FOREX,2026-01-16T00:00:00+00:00,SHORT,-108.85216290683346,0,4.0,SL,28.012093402718044,-1.1682818782373416,20.377326754879107,0.054198171363301295,0.009256979946909872,0.0,0.04,0.10521940249192524
EURUSD,FOREX,2026-01-27T00:00:00+00:00,LONG,-107.73079487805714,0,7.0,SL,25.59163046898572,2.404091402552339,67.09251549574435,1.0866070330878588,0.30800910477001986,0.0,0.75,0.7196840829827567
EURUSD,FOREX,2026-02-09T00:00:00+00:00,LONG,-106.62987006049725,0,6.0,SL,36.071248750332344,0.8113253313354043,61.50931745506675,0.5974039190924161,-0.12090044040666834,0.0,0.99,0.5485360544217687
EURUSD,FOREX,2026-03-04T00:00:00+00:00,SHORT,4.611145388582806,1,4.0,BREAK_EVEN,33.398194793691154,-2.0536014599516412,22.451159305189307,-0.21321887755899613,-0.1773650877668066,0.0,0.82,0.20233097990161292
EURUSD,FOREX,2026-03-23T00:00:00+00:00,SHORT,-105.57042547249414,0,6.0,SL,58.47687949818987,-1.1275218286506046,41.501844871228386,0.3732413604531948,0.1488015662601835,0.0,0.92,0.3486511906165834
EURUSD,FOREX,2026-04-15T23:00:00+00:00,LONG,-104.49998540319105,0,7.0,SL,26.294900186898676,1.735447561432535,70.38876365035921,0.9925372459152395,0.10958361442098087,0.0,0.62,0.961408980098962
EURUSD,FOREX,2026-06-07T23:00:00+00:00,SHORT,-103.43664127345241,0,3.0,SL,,,,,,,,
EURUSD,FOREX,2026-06-25T23:00:00+00:00,SHORT,-102.3732736509919,0,6.0,SL,40.473432906025415,-3.332357258480108,28.646014618865294,0.05392342775901545,-0.1033078250550183,0.0,0.41,0.10615021935177887
XAUUSD,FOREX,2020-06-16T04:00:00+00:00,LONG,198.7617741148912,1,6.0,TP,21.337330942695758,1.1244090051806241,54.575615662754515,0.6288949189733554,0.07080165050078291,0.0025492615832073185,0.5,0.7305389221556886
XAUUSD,FOREX,2020-07-10T04:00:00+00:00,LONG,201.86874629011172,1,7.0,TP,47.3973551393644,3.7224610417215187,67.84978948096412,0.7682878289835398,-0.08500824914762503,0.48519736842105265,0.03,0.8145914364270386
XAUUSD,FOREX,2020-09-23T04:00:00+00:00,SHORT,-103.98411496026179,0,4.0,SL,21.860206273062367,-2.2012191042550904,31.749107646963083,-0.21849991293439072,-0.3577842932583471,0.015151515151515152,0.42,0.0
XAUUSD,FOREX,2020-09-29T04:00:00+00:00,SHORT,-102.93307500737892,0,5.0,SL,28.354385590381955,-0.5285402422300741,38.96674170466666,0.30624213297852737,0.13956165177216823,3.821663465456027,0.28,0.31750766561439925
XAUUSD,FOREX,2020-12-30T05:00:00+00:00,LONG,201.94098134113193,1,8.0,TP,36.788072691104496,1.1797904545003821,72.16976560063335,0.8520321361745776,-0.05877091176059314,0.874359984245766,0.05,0.8303392386804704
XAUUSD,FOREX,2021-01-06T05:00:00+00:00,LONG,-103.89868253876037,0,7.0,SL,53.444437965335624,1.3221255187580125,64.15975008499969,0.7298933842940372,0.1134840372117987,1.1603856266432953,0.33,0.613702830125727
XAUUSD,FOREX,2021-01-22T05:00:00+00:00,SHORT,204.37025008353115,1,6.0,TP,35.151487636961754,-0.451080368122877,43.61774061505968,0.35959789957885213,0.15644223097924778,0.06387225548902195,0.82,0.34008830189321054
XAUUSD,FOREX,2021-02-17T05:00:00+00:00,SHORT,-104.88165278674778,0,6.0,SL,17.909579525798094,-2.822557728021469,33.701395613662356,-0.1102478750322824,-0.1474708351929207,0.052077148818510284,0.78,0.021454550423488525
XAUUSD,FOREX,2021-02-23T05:00:00+00:00,SHORT,206.18461083786818,1,7.0,TP,25.412642302645764,-1.4245709191380362,43.60607302099,0.3617021508484945,0.15957146736617647,0.04797902077263931,0.49,0.3589972525971372
XAUUSD,FOREX,2021-03-09T05:00:00+00:00,SHORT,-105.87521262291622,0,7.0,SL,51.345169060008516,-3.142440544186941,37.872716545827714,0.25690237290439516,0.08393743626294241,0.5096219669886666,0.75,0.2418264854007645
XAUUSD,FOREX,2021-05-12T04:00:00+00:00,LONG,207.33055194776833,1,6.0,TP,47.94577836948554,2.733919240154264,65.37894019903112,0.8364414529403282,0.02997198394412903,0.010552233556102708,0.06,0.7819905213270137
XAUUSD,FOREX,2021-05-28T04:00:00+00:00,LONG,-106.8652379830149,0,7.0,SL,51.93080494865129,5.971598429766048,77.96891315812132,0.8205579492370974,-0.1399097499111536,0.22985442553049737,0.02,0.9777946021731511
XAUUSD,FOREX,2021-06-07T04:00:00+00:00,LONG,-105.77711899887025,0,7.0,SL,47.81925606185881,3.610333515620615,61.88155766188354,0.7020682931469119,-0.2303701886366815,0.008159705125138927,0.44,0.8099911167224416
XAUUSD,FOREX,2021-06-23T04:00:00+00:00,SHORT,-104.70562611571435,0,7.0,SL,49.50972133700008,-1.694685505112247,27.075854774840565,0.124921990938052,0.052636735170806456,0.01260835303388495,0.95,0.1037483944556837
XAUUSD,FOREX,2021-10-25T04:00:00+00:00,LONG,-103.65025012954408,0,8.0,SL,26.39356571673762,1.5876669936625374,68.1533845876113,0.9670666054619912,0.09359811844668664,0.09443507588532883,0.37,0.9657534151130335
XAUUSD,FOREX,2021-11-09T05:00:00+00:00,LONG,-102.59963288848392,0,8.0,SL,29.624939471357685,2.572318749280942,62.8987008089973,1.0065012717008432,0.26203343705518756,0.5866114561766735,0.39,0.9658469717537113
XAUUSD,FOREX,2021-12-02T05:00:00+00:00,SHORT,-101.55933456249984,0,6.0,SL,30.269584657903277,-2.122253608459283,18.692767957811682,0.10370809089700132,-0.014591564708031968,0.1390364780997455,0.56,0.0009163667122798734
XAUUSD,FOREX,2021-12-13T05:00:00+00:00,SHORT,-100.53068570563035,0,6.0,SL,48.69832482934142,-0.5430480422289333,41.58843139585066,0.3951046859975325,0.17202475197866238,0.018240419352553657,0.19,0.23556442706940556
XAUUSD,FOREX,2022-02-17T05:00:00+00:00,LONG,197.15037309157447,1,8.0,TP,26.589733830540723,3.8084753290966713,87.451529079394,1.0936297846665899,0.14576079700592717,0.03389903607702758,0.94,1.0
XAUUSD,FOREX,2022-02-24T05:00:00+00:00,LONG,-101.47195756983032,0,8.0,SL,45.94696776170078,3.730540826912426,89.98039038561298,0.9525950778279098,0.024931828761884576,0.23051858162070066,0.99,0.755291500450594
XAUUSD,FOREX,2022-03-04T05:00:00+00:00,LONG,199.62321152687147,1,8.0,TP,68.98117599715654,3.6291342777421867,72.59179354788323,0.9593352752462646,0.00404176496891178,0.11891208096141682,0.97,0.9588887532552071
XAUUSD,FOREX,2022-03-09T05:00:00+00:00,LONG,-102.43285482761631,0,7.0,SL,79.57790179499214,2.9208545119660365,66.59972937860412,0.8407718787693904,0.09286829026888926,1.706746826987308,0.99,0.6572452534951867
XAUUSD,FOREX,2022-05-02T04:00:00+00:00,SHORT,-101.40068090555171,0,7.0,SL,25.64876479686576,-2.210464887346955,33.031681024526534,-0.013049165702753902,-0.01818040267688754,1.0854243022272343,0.77,0.06106905148555623
XAUUSD,FOREX,2022-05-17T04:00:00+00:00,SHORT,-100.37569133000996,0,7.0,SL,37.812403427751846,-3.18885304944738,33.398689014917224,0.16786727988308112,0.014948802961715977,0.27471903734816666,0.56,0.1872746443217882
XAUUSD,FOREX,2022-07-25T04:00:00+00:00,SHORT,-99.36139802897657,0,7.0,SL,85.15851677316739,-4.107428972005403,35.382462857686036,0.34448281140998865,0.3120370703949392,0.12920644103750845,0.03,0.25977452975799487
XAUUSD,FOREX,2022-09-07T04:00:00+00:00,SHORT,194.48235182356115,1,7.0,TP,37.36728004521178,-2.7885473340497953,34.95990286603934,0.25310588890884267,0.12212453192910168,1.317013959134129,0.11,0.1927930127393018
XAUUSD,FOREX,2022-09-21T04:00:00+00:00,SHORT,2.535741647789808,1,7.0,BREAK_EVEN,56.537447873934184,-3.9210640282842624,35.56885089524255,0.1418486326350132,-0.00585862630038459,2.8434116072514906,0.35,0.11716633035456904
XAUUSD,FOREX,2022-09-30T04:00:00+00:00,SHORT,-100.29898427049697,0,6.0,SL,50.16635160678084,-2.5649847543042243,32.00001337756849,0.3733840358751917,0.29671965697432273,0.26795100603867683,0.74,0.3899723216491854
XAUUSD,FOREX,2022-10-31T04:00:00+00:00,SHORT,-99.28487383923317,0,8.0,SL,32.61755724625188,-2.7749940152788986,35.82785027886172,0.2416966767598812,-0.04477335836978734,1.2418222909480194,0.29,0.1245245405535868
XAUUSD,FOREX,2022-11-11T05:00:00+00:00,LONG,194.99766182890718,1,8.0,TP,37.079942243421726,3.5601850145368,77.36821179076115,1.1379616877001697,0.32238388388832145,0.4946588393802329,0.83,1.0
XAUUSD,FOREX,2023-01-12T05:00:00+00:00,LONG,198.22904963906223,1,8.0,TP,30.427893947017257,5.806405551338194,71.01371840689879,0.9956775970478852,0.04868924254638119,0.2477430191056057,0.38,0.9845022447599864
XAUUSD,FOREX,2023-02-24T05:00:00+00:00,SHORT,-102.18713495348894,0,7.0,SL,58.55903199329428,-2.471726065108057,23.712360179700752,0.11945168490323298,0.05339475818414114,0.04276308825708661,0.05,0.0
XAUUSD,FOREX,2023-03-31T04:00:00+00:00,LONG,1.6945595482396452,1,6.0,BREAK_EVEN,54.62868263850136,2.5884629539129627,60.09158493535307,0.688443438427578,-0.15711219620166658,0.18433090961621804,0.92,0.8186069647322162
XAUUSD,FOREX,2023-05-30T04:00:00+00:00,LONG,-101.1605126176797,0,4.0,SL,,,,,,,,
XAUUSD,FOREX,2023-06-28T04:00:00+00:00,SHORT,-100.12904090154206,0,6.0,SL,43.980044875684996,-2.431814578833689,37.52057054318261,0.08915522663437687,0.0115831371109793,1.082012405237767,0.19,0.0028219065344643754
XAUUSD,FOREX,2023-07-28T04:00:00+00:00,LONG,-99.1147349388085,0,6.0,SL,36.36094879461168,0.6020468829904841,63.38883138300677,0.6409846889983781,-0.20588421207085503,2.106014716181433,0.02,0.7686376773391833
XAUUSD,FOREX,2023-10-20T04:00:00+00:00,LONG,-98.10362727259641,0,7.0,SL,48.23503994277697,3.4405849756646614,88.335818926101,0.9872122019585957,0.24928260644010394,0.43026534316944115,0.97,0.9659599483925827
XAUUSD,FOREX,2023-12-04T05:00:00+00:00,SHORT,3.1318480803707556,1,5.0,BREAK_EVEN,,,,,,,,
XAUUSD,FOREX,2023-12-27T05:00:00+00:00,LONG,-97.1265321593426,0,8.0,SL,40.15460735591637,3.543108335172072,64.05906927297298,0.9636291335309238,0.16203718647050988,0.4484579475013392,0.86,0.6887882472679681
XAUUSD,FOREX,2024-03-25T04:00:00+00:00,LONG,190.3192053895833,1,7.0,TP,69.46837862514853,4.068658349137321,61.52992607597422,0.6864317360362531,-0.08987498349190857,0.18499004800374663,0.72,0.8029976487747882
XAUUSD,FOREX,2024-04-01T04:00:00+00:00,LONG,194.00756164899914,1,8.0,TP,53.07070178350527,5.419586601356694,64.07721388475198,1.1413748290595989,0.18173182304211355,0.03318221599133944,0.86,0.8490465876192098
XAUUSD,FOREX,2024-07-15T04:00:00+00:00,LONG,-99.96021259429948,0,8.0,SL,40.32046068642946,3.6668507873711094,69.97847362231182,1.0032866072549498,0.18839962375434102,1.9179541822056472,0.32,0.9070915059840425
XAUUSD,FOREX,2024-08-30T04:00:00+00:00,LONG,196.0572525296734,1,7.0,TP,35.05637110398726,2.445071548079536,56.33066846227982,0.6276094470222843,-0.1580140470216548,0.3829513025867624,0.22,0.790494250714939
XAUUSD,FOREX,2024-10-31T04:00:00+00:00,LONG,-100.89516105103623,0,7.0,SL,47.263920202056774,4.973606108622497,65.50133231537748,0.7057100436918985,-0.04592077075564278,4.33605720122574,0.19,0.7281503958612601
XAUUSD,FOREX,2024-12-19T05:00:00+00:00,SHORT,-99.8689047406347,0,4.0,SL,23.70598942563237,-1.4680104916245134,39.779179980792236,0.039590423536937744,-0.2297306365106169,0.01849800835519285,0.88,0.06657782970662882
XAUUSD,FOREX,2025-01-21T05:00:00+00:00,LONG,195.77407690695526,1,8.0,TP,32.30125651488385,3.3601945705100547,78.19010272225057,0.9809610330393946,0.14410436158420517,1.7629402756508423,0.6,1.0
XAUUSD,FOREX,2025-02-03T05:00:00+00:00,LONG,199.7144693813362,1,8.0,TP,50.99727779559436,4.201790704806154,79.2487370027477,0.9326256692223147,0.09719764786400009,0.2757996001999001,0.79,0.9372565591045706
XAUUSD,FOREX,2025-04-15T04:00:00+00:00,LONG,204.637549772594,1,8.0,TP,40.70346400690078,3.334552549856199,66.01360878748336,0.9398332618790275,0.23438450082847706,0.04083320682019255,0.99,0.9428669960097177
XAUUSD,FOREX,2025-07-16T04:00:00+00:00,LONG,2.6028659098630267,1,8.0,BREAK_EVEN,28.127372359110236,1.3558042821165495,53.457062136853885,0.663116615717741,0.07443898396294421,0.02296474911011597,0.22,0.71469989764115
XAUUSD,FOREX,2025-10-06T04:00:00+00:00,LONG,207.9909927570019,1,8.0,TP,62.430639815205,6.59025494182147,75.8257110242149,1.0381203835511537,0.027696193975111808,0.5826224909755593,0.76,0.9663349042377254
XAUUSD,FOREX,2025-10-13T04:00:00+00:00,LONG,212.36197813112946,1,8.0,TP,60.84734482483202,6.5636540729801,74.31069911934226,1.018502074504897,-0.04540408524147224,0.6451122388854041,0.96,0.9949369148866034
XAUUSD,FOREX,2025-11-26T05:00:00+00:00,LONG,216.5898660785398,1,7.0,TP,21.28581942843247,3.0925289627044013,67.6847039042935,0.8359937862872694,0.1373585607484978,2.994187781212331,0.69,0.7984128546527354
XAUUSD,FOREX,2025-12-19T05:00:00+00:00,LONG,220.58036461378967,1,8.0,TP,36.48574910650932,4.802689706790592,69.08410986713068,0.9091564217168925,0.029422793791328852,0.12046693663326018,0.49,1.0
XAUUSD,FOREX,2025-12-26T05:00:00+00:00,LONG,-113.3752751025375,0,8.0,SL,53.462834341504326,6.602001710463365,88.28089531628329,1.018085026748602,0.11984830739397559,0.2608609402896251,0.54,0.9346631760933259
XAUUSD,FOREX,2026-01-28T05:00:00+00:00,LONG,-112.22891618556766,0,8.0,TP,49.74994696502006,10.017855452882348,94.46941985542625,1.0681338237735176,0.2415289262682885,17.261516895040476,0.83,1.0
XAUUSD,FOREX,2026-06-02T04:00:00+00:00,SHORT,220.84230487408195,1,6.0,TP,37.66735284700842,-2.115796336483251,32.84804367606915,0.25236688135114,0.09975461804633126,0.08582317790429586,0.22,0.31267123870462704
XAUUSD,FOREX,2026-06-12T04:00:00+00:00,SHORT,-113.29460404131542,0,7.0,SL,50.82544842985048,-3.070804046416063,32.758599818531266,0.14888053531046874,-0.10431084735870808,0.19842720510095643,0.48,0.3149605246221714
XAUUSD,FOREX,2026-06-15T04:00:00+00:00,SHORT,223.39345675730277,1,7.0,TP,52.85893031021728,-1.829928388522108,41.20228064195257,0.3579594211624774,0.13079662139915027,0.28074550908294293,0.55,0.529600755059999
XAUUSD,FOREX,2026-06-26T04:00:00+00:00,SHORT,-74.7181092803342,0,7.0,CLOSE_END,47.711639765035784,-3.384881033434634,36.71327451092143,0.21133959396263988,-0.08821752632550002,1.0845839017735333,0.39,0.18361169000926453
